date,value,qualifiers
2010-09-30,5570,A
2010-10-01,5510,A
2010-10-02,4820,A
2010-10-03,5220,A
2010-10-04,4830,A
2010-10-05,5180,A
2010-10-06,4680,A
2010-10-07,4300,A
2010-10-08,4200,A
2010-10-09,3790,A
2010-10-10,4060,A
2010-10-11,4000,A
2010-10-12,4060,A
2010-10-13,3700,A
2010-10-14,4190,A
2010-10-15,4550,A
2010-10-16,4730,A
2010-10-17,4940,A
2010-10-18,4580,A
2010-10-19,4480,A
2010-10-20,5000,A
2010-10-21,4610,A
2010-10-22,4630,A
2010-10-23,4300,A
2010-10-24,4350,A
2010-10-25,5160,A
2010-10-26,6250,A
2010-10-27,6170,A
2010-10-28,4800,A
2010-10-29,4560,A
2010-10-30,4480,A
2010-10-31,4470,A
2010-11-01,4280,A
2010-11-02,5200,A
2010-11-03,4350,A
2010-11-04,4480,A
2010-11-05,4700,A
2010-11-06,4590,A
2010-11-07,4030,A
2010-11-08,4510,A
2010-11-09,3820,A
2010-11-10,3560,A
2010-11-11,4580,A
2010-11-12,4520,A
2010-11-13,4100,A
2010-11-14,4090,A
2010-11-15,3400,A
2010-11-16,3750,A
2010-11-17,3850,A
2010-11-18,5010,A
2010-11-19,5780,A
2010-11-20,6700,A
2010-11-21,7650,A
2010-11-22,8650,A
2010-11-23,9210,A
2010-11-24,9180,A
2010-11-25,13000,A
2010-11-26,12900,A
2010-11-27,12700,A
2010-11-28,11500,A
2010-11-29,10600,A
2010-11-30,11900,A
2010-12-01,26200,A
2010-12-02,42900,A
2010-12-03,41700,A
2010-12-04,37500,A
2010-12-05,37500,A
2010-12-06,35300,A
2010-12-07,31000,A
2010-12-08,31500,A
2010-12-09,37200,A
2010-12-10,34200,A
2010-12-11,31600,A
2010-12-12,29300,A
2010-12-13,31000,A
2010-12-14,31300,A
2010-12-15,33800,A
2010-12-16,32000,A
2010-12-17,30400,A
2010-12-18,31300,A
2010-12-19,33700,A
2010-12-20,30200,A
2010-12-21,30300,A
2010-12-22,30600,A
2010-12-23,29200,A
2010-12-24,26500,A
2010-12-25,30200,A
2010-12-26,21400,A
2010-12-27,15900,A
2010-12-28,14500,A
2010-12-29,13700,A
2010-12-30,14900,A
2010-12-31,13400,A
2011-01-01,14400,A
2011-01-02,30500,A
2011-01-03,36200,A
2011-01-04,34300,A
2011-01-05,35300,A
2011-01-06,34200,A
2011-01-07,34000,A
2011-01-08,32700,A
2011-01-09,31300,A
2011-01-10,29200,A
2011-01-11,23200,A
2011-01-12,17900,A
2011-01-13,17700,A
2011-01-14,16400,A
2011-01-15,15200,A
2011-01-16,12900,A
2011-01-17,13900,A
2011-01-18,11300,A
2011-01-19,10700,A
2011-01-20,11700,A
2011-01-21,11700,A
2011-01-22,14400,A
2011-01-23,13400,A
2011-01-24,11500,A
2011-01-25,9490,A
2011-01-26,9470,A
2011-01-27,12300,A
2011-01-28,16500,A
2011-01-29,15000,A
2011-01-30,17000,A
2011-01-31,22900,A
2011-02-01,29700,A
2011-02-02,30900,A
2011-02-03,31000,A
2011-02-04,27200,A
2011-02-05,21000,A
2011-02-06,20000,A
2011-02-07,15000,A
2011-02-08,11200,A
2011-02-09,10700,A
2011-02-10,11000,A
2011-02-11,11500,A
2011-02-12,11400,A
2011-02-13,11400,A
2011-02-14,11800,A
2011-02-15,12000,A
2011-02-16,11900,A
2011-02-17,8630,A
2011-02-18,7990,A
2011-02-19,8710,A
2011-02-20,9000,A
2011-02-21,9480,A
2011-02-22,10200,A
2011-02-23,11000,A
2011-02-24,23900,A
2011-02-25,52200,A
2011-02-26,54600,A
2011-02-27,41600,A
2011-02-28,45400,A
2011-03-01,66900,A
2011-03-02,67500,A
2011-03-03,65100,A
2011-03-04,54700,A
2011-03-05,46500,A
2011-03-06,35900,A
2011-03-07,43600,A
2011-03-08,52900,A
2011-03-09,55200,A
2011-03-10,52100,A
2011-03-11,52700,A
2011-03-12,53300,A
2011-03-13,53700,A
2011-03-14,52700,A
2011-03-15,50200,A
2011-03-16,51100,A
2011-03-17,50200,A
2011-03-18,49400,A
2011-03-19,48000,A
2011-03-20,48500,A
2011-03-21,47100,A
2011-03-22,47200,A
2011-03-23,47000,A
2011-03-24,46100,A
2011-03-25,47600,A
2011-03-26,45100,A
2011-03-27,45200,A
2011-03-28,41100,A
2011-03-29,34700,A
2011-03-30,35600,A
2011-03-31,39500,A
2011-04-01,41700,A
2011-04-02,45900,A
2011-04-03,46700,A
2011-04-04,45500,A
2011-04-05,51200,A
2011-04-06,54800,A
2011-04-07,55500,A
2011-04-08,51600,A
2011-04-09,45600,A
2011-04-10,46100,A
2011-04-11,45900,A
2011-04-12,48600,A
2011-04-13,55800,A
2011-04-14,63300,A
2011-04-15,63500,A
2011-04-16,63000,A
2011-04-17,64500,A
2011-04-18,65700,A
2011-04-19,61800,A
2011-04-20,56600,A
2011-04-21,48100,A
2011-04-22,44200,A
2011-04-23,42800,A
2011-04-24,42300,A
2011-04-25,43100,A
2011-04-26,45200,A
2011-04-27,52300,A
2011-04-28,60200,A
2011-04-29,55700,A
2011-04-30,25900,A
2011-05-01,13600,A
2011-05-02,10600,A
2011-05-03,16200,A
2011-05-04,24900,A
2011-05-05,34900,A
2011-05-06,37400,A
2011-05-07,42100,A
2011-05-08,44700,A
2011-05-09,55100,A
2011-05-10,59700,A
2011-05-11,59900,A
2011-05-12,58000,A
2011-05-13,55000,A
2011-05-14,52800,A
2011-05-15,52900,A
2011-05-16,52800,A
2011-05-17,51700,A
2011-05-18,49100,A
2011-05-19,47100,A
2011-05-20,47100,A
2011-05-21,45700,A
2011-05-22,44200,A
2011-05-23,42300,A
2011-05-24,41700,A
2011-05-25,41200,A
2011-05-26,49800,A
2011-05-27,52000,A
2011-05-28,44700,A
2011-05-29,37000,A
2011-05-30,35500,A
2011-05-31,34200,A
2011-06-01,29700,A
2011-06-02,26500,A
2011-06-03,26500,A
2011-06-04,25900,A
2011-06-05,25600,A
2011-06-06,26600,A
2011-06-07,29800,A
2011-06-08,29400,A
2011-06-09,30000,A
2011-06-10,28000,A
2011-06-11,21200,A
2011-06-12,18900,A
2011-06-13,20300,A
2011-06-14,26800,A
2011-06-15,22000,A
2011-06-16,21500,A
2011-06-17,22800,A
2011-06-18,22400,A
2011-06-19,14700,A
2011-06-20,11600,A
2011-06-21,16700,A
2011-06-22,21000,A
2011-06-23,29300,A
2011-06-24,32700,A
2011-06-25,33900,A
2011-06-26,34200,A
2011-06-27,33500,A
2011-06-28,32100,A
2011-06-29,36200,A
2011-06-30,35500,A
2011-07-01,35100,A
2011-07-02,27100,A
2011-07-03,15200,A
2011-07-04,14100,A
2011-07-05,8290,A
2011-07-06,6760,A
2011-07-07,6050,A
2011-07-08,5790,A
2011-07-09,5610,A
2011-07-10,5460,A
2011-07-11,5070,A
2011-07-12,5950,A
2011-07-13,6700,A
2011-07-14,7600,A
2011-07-15,7200,A
2011-07-16,6730,A
2011-07-17,6310,A
2011-07-18,6740,A
2011-07-19,7590,A
2011-07-20,8230,A
2011-07-21,9560,A
2011-07-22,8560,A
2011-07-23,8160,A
2011-07-24,8570,A
2011-07-25,8300,A
2011-07-26,8840,A
2011-07-27,8170,A
2011-07-28,8160,A
2011-07-29,7900,A
2011-07-30,7440,A
2011-07-31,7610,A
2011-08-01,7380,A
2011-08-02,7940,A
2011-08-03,8970,A
2011-08-04,9830,A
2011-08-05,9320,A
2011-08-06,8680,A
2011-08-07,8630,A
2011-08-08,9420,A
2011-08-09,10500,A
2011-08-10,10700,A
2011-08-11,10800,A
2011-08-12,10000,A
2011-08-13,8170,A
2011-08-14,6830,A
2011-08-15,7040,A
2011-08-16,7050,A
2011-08-17,6520,A
2011-08-18,6430,A
2011-08-19,6470,A
2011-08-20,5990,A
2011-08-21,6160,A
2011-08-22,5830,A
2011-08-23,6470,A
2011-08-24,6400,A
2011-08-25,6010,A
2011-08-26,6030,A
2011-08-27,6050,A
2011-08-28,6160,A
2011-08-29,5880,A
2011-08-30,5840,A
2011-08-31,5460,A
2011-09-01,5350,A
2011-09-02,5380,A
2011-09-03,5360,A
2011-09-04,5580,A
2011-09-05,8880,A
2011-09-06,18300,A
2011-09-07,23000,A
2011-09-08,13900,A
2011-09-09,11800,A
2011-09-10,10500,A
2011-09-11,10300,A
2011-09-12,10600,A
2011-09-13,9030,A
2011-09-14,8260,A
2011-09-15,7550,A
2011-09-16,6970,A
2011-09-17,7620,A
2011-09-18,7690,A
2011-09-19,8260,A
2011-09-20,7070,A
2011-09-21,6270,A
2011-09-22,6230,A
2011-09-23,6790,A
2011-09-24,6610,A
2011-09-25,6890,A
2011-09-26,8400,A
2011-09-27,8310,A
2011-09-28,8190,A
2011-09-29,7920,A
2011-09-30,6420,A
2011-10-01,6420,A
2011-10-02,6450,A
2011-10-03,6780,A
2011-10-04,6800,A
2011-10-05,6930,A
2011-10-06,6880,A
2011-10-07,6310,A
2011-10-08,6420,A
2011-10-09,5710,A
2011-10-10,5810,A
2011-10-11,6430,A
2011-10-12,5770,A
2011-10-13,5120,A
2011-10-14,6040,A
2011-10-15,5030,A
2011-10-16,5510,A
2011-10-17,5510,A
2011-10-18,5820,A
2011-10-19,5910,A
2011-10-20,9600,A
2011-10-21,6370,A
2011-10-22,5890,A
2011-10-23,5810,A
2011-10-24,8900,A
2011-10-25,9580,A
2011-10-26,10500,A
2011-10-27,10300,A
2011-10-28,8920,A
2011-10-29,7950,A
2011-10-30,7410,A
2011-10-31,7930,A
2011-11-01,8770,A
2011-11-02,9160,A
2011-11-03,9030,A
2011-11-04,9280,A
2011-11-05,8020,A
2011-11-06,7530,A
2011-11-07,7010,A
2011-11-08,7790,A
2011-11-09,7590,A
2011-11-10,7580,A
2011-11-11,7690,A
2011-11-12,6790,A
2011-11-13,6860,A
2011-11-14,7530,A
2011-11-15,8500,A
2011-11-16,9430,A
2011-11-17,10200,A
2011-11-18,12000,A
2011-11-19,17500,A
2011-11-20,20700,A
2011-11-21,21800,A
2011-11-22,26200,A
2011-11-23,28700,A
2011-11-24,28300,A
2011-11-25,27400,A
2011-11-26,31000,A
2011-11-27,46600,A
2011-11-28,48000,A
2011-11-29,56200,A
2011-11-30,58800,A
2011-12-01,60100,A
2011-12-02,57600,A
2011-12-03,38300,A
2011-12-04,49300,A
2011-12-05,44500,A
2011-12-06,28300,A
2011-12-07,34000,A
2011-12-08,46400,A
2011-12-09,56500,A
2011-12-10,54400,A
2011-12-11,55500,A
2011-12-12,53200,A
2011-12-13,49600,A
2011-12-14,46400,A
2011-12-15,46300,A
2011-12-16,43400,A
2011-12-17,41800,A
2011-12-18,43900,A
2011-12-19,46100,A
2011-12-20,46400,A
2011-12-21,48400,A
2011-12-22,50900,A
2011-12-23,49000,A
2011-12-24,51200,A
2011-12-25,51800,A
2011-12-26,52900,A
2011-12-27,52600,A
2011-12-28,53000,A
2011-12-29,53600,A
2011-12-30,52900,A
2011-12-31,52200,A
2012-01-01,50600,A
2012-01-02,49800,A
2012-01-03,49200,A
2012-01-04,44000,A
2012-01-05,41300,A
2012-01-06,40900,A
2012-01-07,39900,A
2012-01-08,40300,A
2012-01-09,38800,A
2012-01-10,37800,A
2012-01-11,40000,A
2012-01-12,44900,A
2012-01-13,53300,A
2012-01-14,54900,A
2012-01-15,56100,A
2012-01-16,56800,A
2012-01-17,51100,A
2012-01-18,45600,A
2012-01-19,42900,A
2012-01-20,40700,A
2012-01-21,40300,A
2012-01-22,46100,A
2012-01-23,54600,A
2012-01-24,57900,A
2012-01-25,63900,A
2012-01-26,62800,A
2012-01-27,57000,A
2012-01-28,48300,A
2012-01-29,41400,A
2012-01-30,40800,A
2012-01-31,49500,A
2012-02-01,49400,A
2012-02-02,50000,A
2012-02-03,52300,A
2012-02-04,46700,A
2012-02-05,44100,A
2012-02-06,41200,A
2012-02-07,41700,A
2012-02-08,40900,A
2012-02-09,39700,A
2012-02-10,36000,A
2012-02-11,34300,A
2012-02-12,35700,A
2012-02-13,37000,A
2012-02-14,36300,A
2012-02-15,34400,A
2012-02-16,29500,A
2012-02-17,25700,A
2012-02-18,24200,A
2012-02-19,13900,A
2012-02-20,11200,A
2012-02-21,13900,A
2012-02-22,14900,A
2012-02-23,17600,A
2012-02-24,21900,A
2012-02-25,23400,A
2012-02-26,26600,A
2012-02-27,30300,A
2012-02-28,32900,A
2012-02-29,32000,A
2012-03-01,33500,A
2012-03-02,41800,A
2012-03-03,41600,A
2012-03-04,41200,A
2012-03-05,40300,A
2012-03-06,41100,A
2012-03-07,39300,A
2012-03-08,39100,A
2012-03-09,60300,A
2012-03-10,54000,A
2012-03-11,44700,A
2012-03-12,37800,A
2012-03-13,38100,A
2012-03-14,36500,A
2012-03-15,33000,A
2012-03-16,39200,A
2012-03-17,37600,A
2012-03-18,33100,A
2012-03-19,34100,A
2012-03-20,35700,A
2012-03-21,35400,A
2012-03-22,33600,A
2012-03-23,30200,A
2012-03-24,29300,A
2012-03-25,28800,A
2012-03-26,26500,A
2012-03-27,24600,A
2012-03-28,27700,A
2012-03-29,26800,A
2012-03-30,24400,A
2012-03-31,23800,A
2012-04-01,24000,A
2012-04-02,23900,A
2012-04-03,24000,A
2012-04-04,22600,A
2012-04-05,20100,A
2012-04-06,22100,A
2012-04-07,24600,A
2012-04-08,23700,A
2012-04-09,18200,A
2012-04-10,14900,A
2012-04-11,14000,A
2012-04-12,12500,A
2012-04-13,11800,A
2012-04-14,9720,A
2012-04-15,8180,A
2012-04-16,6480,A
2012-04-17,4910,A
2012-04-18,4500,A
2012-04-19,3720,A
2012-04-20,3930,A
2012-04-21,3860,A
2012-04-22,3820,A
2012-04-23,3490,A
2012-04-24,2620,A
2012-04-25,3270,A
2012-04-26,3660,A
2012-04-27,3130,A
2012-04-28,3400,A
2012-04-29,3110,A
2012-04-30,3700,A
2012-05-01,3220,A
2012-05-02,3100,A
2012-05-03,3370,A
2012-05-04,3100,A
2012-05-05,3120,A
2012-05-06,3330,A
2012-05-07,3420,A
2012-05-08,4210,A
2012-05-09,3870,A
2012-05-10,3980,A
2012-05-11,3820,A
2012-05-12,4060,A
2012-05-13,6380,A
2012-05-14,16100,A
2012-05-15,12200,A
2012-05-16,8790,A
2012-05-17,8430,A
2012-05-18,6290,A
2012-05-19,6140,A
2012-05-20,5860,A
2012-05-21,5780,A
2012-05-22,5860,A
2012-05-23,4690,A
2012-05-24,5050,A
2012-05-25,4650,A
2012-05-26,5060,A
2012-05-27,4920,A
2012-05-28,4900,A
2012-05-29,4110,A
2012-05-30,3990,A
2012-05-31,4540,A
2012-06-01,4140,A
2012-06-02,3680,A
2012-06-03,3990,A
2012-06-04,3790,A
2012-06-05,3840,A
2012-06-06,3860,A
2012-06-07,3590,A
2012-06-08,3650,A
2012-06-09,3670,A
2012-06-10,3710,A
2012-06-11,3680,A
2012-06-12,3620,A
2012-06-13,3450,A
2012-06-14,3510,A
2012-06-15,3740,A
2012-06-16,3770,A
2012-06-17,3670,A
2012-06-18,3820,A
2012-06-19,3840,A
2012-06-20,4460,A
2012-06-21,4220,A
2012-06-22,4190,A
2012-06-23,4190,A
2012-06-24,4060,A
2012-06-25,3820,A
2012-06-26,4280,A
2012-06-27,4000,A
2012-06-28,3940,A
2012-06-29,3810,A
2012-06-30,3820,A
2012-07-01,3810,A
2012-07-02,3620,A
2012-07-03,3760,A
2012-07-04,3680,A
2012-07-05,3570,A
2012-07-06,3580,A
2012-07-07,3870,A
2012-07-08,3600,A
2012-07-09,3950,A
2012-07-10,4060,A
2012-07-11,4190,A
2012-07-12,4120,A
2012-07-13,4090,A
2012-07-14,6210,A
2012-07-15,10200,A
2012-07-16,5230,A
2012-07-17,4600,A
2012-07-18,4010,A
2012-07-19,3930,A
2012-07-20,14000,A
2012-07-21,14100,A
2012-07-22,7380,A
2012-07-23,6940,A
2012-07-24,5280,A
2012-07-25,4830,A
2012-07-26,4800,A
2012-07-27,4840,A
2012-07-28,4440,A
2012-07-29,4440,A
2012-07-30,4370,A
2012-07-31,4120,A
2012-08-01,4650,A
2012-08-02,4880,A
2012-08-03,5280,A
2012-08-04,5070,A
2012-08-05,5040,A
2012-08-06,9120,A
2012-08-07,8880,A
2012-08-08,8770,A
2012-08-09,9120,A
2012-08-10,7260,A
2012-08-11,6270,A
2012-08-12,5990,A
2012-08-13,5970,A
2012-08-14,5340,A
2012-08-15,4910,A
2012-08-16,4980,A
2012-08-17,5440,A
2012-08-18,5130,A
2012-08-19,5320,A
2012-08-20,5150,A
2012-08-21,5170,A
2012-08-22,5160,A
2012-08-23,5290,A
2012-08-24,5690,A
2012-08-25,5690,A
2012-08-26,4960,A
2012-08-27,4970,A
2012-08-28,6270,A
2012-08-29,6900,A
2012-08-30,5960,A
2012-08-31,5020,A
2012-09-01,5150,A
2012-09-02,5380,A
2012-09-03,4980,A
2012-09-04,4980,A
2012-09-05,5180,A
2012-09-06,6570,A
2012-09-07,6960,A
2012-09-08,7760,A
2012-09-09,6250,A
2012-09-10,6540,A
2012-09-11,6330,A
2012-09-12,6080,A
2012-09-13,5680,A
2012-09-14,5760,A
2012-09-15,6030,A
2012-09-16,5650,A
2012-09-17,7890,A
2012-09-18,15800,A
2012-09-19,15500,A
2012-09-20,14500,A
2012-09-21,13900,A
2012-09-22,13600,A
2012-09-23,13700,A
2012-09-24,13900,A
2012-09-25,13200,A
2012-09-26,12100,A
2012-09-27,12200,A
2012-09-28,11600,A
2012-09-29,10600,A
2012-09-30,9880,A
2012-10-01,9420,A
2012-10-02,15600,A
2012-10-03,12900,A
2012-10-04,14800,A
2012-10-05,13900,A
2012-10-06,11700,A
2012-10-07,10300,A
2012-10-08,10200,A
2012-10-09,9620,A
2012-10-10,8580,A
2012-10-11,7960,A
2012-10-12,9850,A
2012-10-13,10600,A
2012-10-14,8950,A
2012-10-15,10400,A
2012-10-16,7950,A
2012-10-17,9100,A
2012-10-18,7990,A
2012-10-19,7770,A
2012-10-20,7010,A
2012-10-21,7110,A
2012-10-22,7500,A
2012-10-23,7580,A
2012-10-24,7350,A
2012-10-25,7990,A
2012-10-26,7620,A
2012-10-27,7020,A
2012-10-28,7050,A
2012-10-29,7450,A
2012-10-30,6390,A
2012-10-31,5840,A
2012-11-01,5520,A
2012-11-02,5530,A
2012-11-03,3570,A
2012-11-04,2840,A
2012-11-05,3900,A
2012-11-06,3400,A
2012-11-07,3770,A
2012-11-08,4110,A
2012-11-09,3530,A
2012-11-10,3470,A
2012-11-11,4240,A
2012-11-12,4320,A
2012-11-13,3730,A
2012-11-14,3190,A
2012-11-15,5360,A
2012-11-16,4980,A
2012-11-17,5750,A
2012-11-18,5230,A
2012-11-19,5930,A
2012-11-20,6400,A
2012-11-21,6520,A
2012-11-22,5730,A
2012-11-23,3300,A
2012-11-24,3560,A
2012-11-25,3120,A
2012-11-26,3200,A
2012-11-27,3550,A
2012-11-28,4490,A
2012-11-29,3790,A
2012-11-30,4120,A
2012-12-01,3820,A
2012-12-02,4330,A
2012-12-03,5240,A
2012-12-04,5160,A
2012-12-05,4640,A
2012-12-06,3170,A
2012-12-07,2920,A
2012-12-08,5440,A
2012-12-09,5490,A
2012-12-10,7050,A
2012-12-11,14800,A
2012-12-12,28200,A
2012-12-13,31400,A
2012-12-14,25300,A
2012-12-15,17100,A
2012-12-16,16700,A
2012-12-17,17600,A
2012-12-18,20300,A
2012-12-19,20100,A
2012-12-20,19500,A
2012-12-21,20700,A
2012-12-22,24300,A
2012-12-23,27500,A
2012-12-24,31400,A
2012-12-25,31600,A
2012-12-26,31700,A
2012-12-27,34500,A
2012-12-28,40800,A
2012-12-29,43100,A
2012-12-30,45000,A
2012-12-31,44500,A
2013-01-01,38300,A
2013-01-02,36000,A
2013-01-03,34600,A
2013-01-04,31600,A
2013-01-05,30700,A
2013-01-06,30000,A
2013-01-07,25600,A
2013-01-08,21700,A
2013-01-09,24400,A
2013-01-10,27500,A
2013-01-11,33100,A
2013-01-12,36500,A
2013-01-13,51400,A
2013-01-14,70400,A
2013-01-15,52900,A
2013-01-16,46000,A
2013-01-17,49300,A
2013-01-18,55300,A
2013-01-19,54800,A
2013-01-20,52100,A
2013-01-21,48200,A
2013-01-22,43000,A
2013-01-23,41900,A
2013-01-24,42300,A
2013-01-25,42800,A
2013-01-26,35900,A
2013-01-27,37400,A
2013-01-28,38500,A
2013-01-29,39900,A
2013-01-30,43000,A
2013-01-31,49300,A
2013-02-01,56800,A
2013-02-02,56900,A
2013-02-03,54400,A
2013-02-04,53300,A
2013-02-05,52900,A
2013-02-06,50200,A
2013-02-07,46400,A
2013-02-08,44300,A
2013-02-09,39300,A
2013-02-10,37200,A
2013-02-11,37500,A
2013-02-12,38200,A
2013-02-13,38800,A
2013-02-14,38400,A
2013-02-15,38000,A
2013-02-16,38700,A
2013-02-17,39700,A
2013-02-18,34500,A
2013-02-19,31100,A
2013-02-20,29900,A
2013-02-21,29200,A
2013-02-22,20200,A
2013-02-23,16200,A
2013-02-24,17800,A
2013-02-25,17500,A
2013-02-26,18900,A
2013-02-27,15100,A
2013-02-28,13600,A
2013-03-01,12600,A
2013-03-02,10400,A
2013-03-03,10400,A
2013-03-04,13200,A
2013-03-05,12000,A
2013-03-06,25400,A
2013-03-07,35000,A
2013-03-08,36000,A
2013-03-09,36500,A
2013-03-10,36300,A
2013-03-11,39500,A
2013-03-12,46700,A
2013-03-13,38200,A
2013-03-14,36600,A
2013-03-15,43200,A
2013-03-16,44500,A
2013-03-17,41000,A
2013-03-18,40300,A
2013-03-19,43300,A
2013-03-20,42900,A
2013-03-21,37000,A
2013-03-22,40800,A
2013-03-23,40500,A
2013-03-24,33600,A
2013-03-25,28400,A
2013-03-26,27400,A
2013-03-27,28100,A
2013-03-28,31300,A
2013-03-29,31400,A
2013-03-30,30900,A
2013-03-31,31500,A
2013-04-01,30300,A
2013-04-02,23000,A
2013-04-03,22100,A
2013-04-04,24400,A
2013-04-05,24200,A
2013-04-06,17700,A
2013-04-07,16700,A
2013-04-08,16100,A
2013-04-09,16000,A
2013-04-10,19000,A
2013-04-11,21500,A
2013-04-12,24900,A
2013-04-13,22100,A
2013-04-14,17200,A
2013-04-15,18800,A
2013-04-16,17900,A
2013-04-17,18800,A
2013-04-18,16700,A
2013-04-19,21900,A
2013-04-20,31100,A
2013-04-21,39700,A
2013-04-22,40100,A
2013-04-23,41400,A
2013-04-24,41400,A
2013-04-25,40200,A
2013-04-26,40600,A
2013-04-27,37500,A
2013-04-28,72300,A
2013-04-29,84400,A
2013-04-30,79900,A
2013-05-01,60900,A
2013-05-02,50400,A
2013-05-03,51400,A
2013-05-04,56000,A
2013-05-05,56900,A
2013-05-06,61600,A
2013-05-07,64200,A
2013-05-08,63700,A
2013-05-09,59500,A
2013-05-10,57000,A
2013-05-11,59100,A
2013-05-12,59600,A
2013-05-13,59200,A
2013-05-14,51500,A
2013-05-15,46000,A
2013-05-16,42600,A
2013-05-17,38400,A
2013-05-18,36400,A
2013-05-19,29700,A
2013-05-20,28200,A
2013-05-21,27100,A
2013-05-22,26100,A
2013-05-23,22500,A
2013-05-24,21100,A
2013-05-25,14800,A
2013-05-26,14300,A
2013-05-27,15600,A
2013-05-28,14300,A
2013-05-29,12700,A
2013-05-30,11000,A
2013-05-31,10300,A
2013-06-01,13100,A
2013-06-02,12400,A
2013-06-03,9910,A
2013-06-04,10600,A
2013-06-05,11000,A
2013-06-06,11300,A
2013-06-07,10500,A
2013-06-08,7930,A
2013-06-09,8030,A
2013-06-10,11500,A
2013-06-11,18100,A
2013-06-12,15300,A
2013-06-13,18700,A
2013-06-14,15300,A
2013-06-15,15800,A
2013-06-16,17400,A
2013-06-17,16700,A
2013-06-18,11000,A
2013-06-19,8380,A
2013-06-20,9190,A
2013-06-21,8310,A
2013-06-22,7120,A
2013-06-23,7210,A
2013-06-24,9060,A
2013-06-25,7910,A
2013-06-26,7810,A
2013-06-27,8010,A
2013-06-28,6610,A
2013-06-29,5120,A
2013-06-30,5350,A
2013-07-01,6570,A
2013-07-02,7000,A
2013-07-03,8830,A
2013-07-04,15500,A
2013-07-05,42000,A
2013-07-06,63100,A
2013-07-07,56000,A
2013-07-08,53000,A
2013-07-09,44100,A
2013-07-10,46200,A
2013-07-11,56800,A
2013-07-12,60400,A
2013-07-13,58200,A
2013-07-14,54100,A
2013-07-15,50800,A
2013-07-16,51100,A
2013-07-17,43000,A
2013-07-18,35400,A
2013-07-19,33600,A
2013-07-20,30500,A
2013-07-21,30000,A
2013-07-22,32300,A
2013-07-23,30800,A
2013-07-24,25900,A
2013-07-25,21800,A
2013-07-26,20300,A
2013-07-27,20700,A
2013-07-28,15800,A
2013-07-29,16500,A
2013-07-30,16000,A
2013-07-31,19800,A
2013-08-01,19300,A
2013-08-02,14200,A
2013-08-03,9300,A
2013-08-04,9170,A
2013-08-05,9650,A
2013-08-06,9340,A
2013-08-07,9520,A
2013-08-08,24400,A
2013-08-09,46600,A
2013-08-10,31800,A
2013-08-11,14500,A
2013-08-12,12600,A
2013-08-13,22000,A
2013-08-14,19100,A
2013-08-15,16700,A
2013-08-16,16700,A
2013-08-17,18100,A
2013-08-18,19900,A
2013-08-19,20500,A
2013-08-20,17900,A
2013-08-21,15600,A
2013-08-22,19800,A
2013-08-23,17900,A
2013-08-24,15100,A
2013-08-25,10800,A
2013-08-26,10700,A
2013-08-27,10600,A
2013-08-28,10200,A
2013-08-29,10000,A
2013-08-30,10000,A
2013-08-31,7900,A
2013-09-01,8130,A
2013-09-02,8080,A
2013-09-03,8780,A
2013-09-04,10400,A
2013-09-05,9040,A
2013-09-06,8970,A
2013-09-07,8440,A
2013-09-08,8160,A
2013-09-09,9080,A
2013-09-10,8550,A
2013-09-11,8860,A
2013-09-12,9090,A
2013-09-13,8810,A
2013-09-14,8080,A
2013-09-15,7630,A
2013-09-16,7330,A
2013-09-17,7780,A
2013-09-18,7670,A
2013-09-19,7470,A
2013-09-20,8080,A
2013-09-21,8470,A
2013-09-22,9070,A
2013-09-23,7840,A
2013-09-24,9650,A
2013-09-25,9410,A
2013-09-26,7520,A
2013-09-27,6680,A
2013-09-28,6880,A
2013-09-29,6110,A
2013-09-30,6920,A
2013-10-01,6610,A
2013-10-02,6940,A
2013-10-03,7090,A
2013-10-04,6810,A
2013-10-05,6940,A
2013-10-06,7180,A
2013-10-07,7010,A
2013-10-08,7260,A
2013-10-09,7520,A
2013-10-10,8270,A
2013-10-11,7990,A
2013-10-12,7720,A
2013-10-13,7540,A
2013-10-14,7590,A
2013-10-15,7510,A
2013-10-16,7500,A
2013-10-17,6640,A
2013-10-18,6490,A
2013-10-19,6400,A
2013-10-20,6200,A
2013-10-21,6430,A
2013-10-22,4990,A
2013-10-23,5180,A
2013-10-24,5620,A
2013-10-25,6220,A
2013-10-26,6010,A
2013-10-27,5560,A
2013-10-28,6220,A
2013-10-29,5630,A
2013-10-30,6070,A
2013-10-31,6690,A
2013-11-01,7110,A
2013-11-02,5590,A
2013-11-03,5360,A
2013-11-04,5500,A
2013-11-05,4730,A
2013-11-06,5040,A
2013-11-07,5180,A
2013-11-08,5180,A
2013-11-09,4880,A
2013-11-10,4850,A
2013-11-11,4800,A
2013-11-12,4420,A
2013-11-13,4180,A
2013-11-14,4660,A
2013-11-15,4370,A
2013-11-16,3580,A
2013-11-17,3880,A
2013-11-18,4470,A
2013-11-19,5210,A
2013-11-20,6050,A
2013-11-21,6480,A
2013-11-22,7090,A
2013-11-23,5050,A
2013-11-24,5580,A
2013-11-25,5490,A
2013-11-26,4970,A
2013-11-27,8250,A
2013-11-28,8890,A
2013-11-29,7550,A
2013-11-30,8280,A
2013-12-01,7930,A
2013-12-02,7750,A
2013-12-03,8550,A
2013-12-04,16700,A
2013-12-05,21100,A
2013-12-06,38700,A
2013-12-07,57700,A
2013-12-08,50900,A
2013-12-09,37200,A
2013-12-10,36200,A
2013-12-11,44800,A
2013-12-12,45300,A
2013-12-13,44700,A
2013-12-14,40900,A
2013-12-15,40300,A
2013-12-16,39100,A
2013-12-17,42100,A
2013-12-18,42600,A
2013-12-19,44100,A
2013-12-20,45400,A
2013-12-21,40200,A
2013-12-22,38500,A
2013-12-23,44300,A
2013-12-24,49200,A
2013-12-25,49500,A
2013-12-26,50700,A
2013-12-27,53700,A
2013-12-28,50400,A
2013-12-29,44500,A
2013-12-30,44900,A
2013-12-31,50800,A
2014-01-01,53500,A
2014-01-02,51800,A
2014-01-03,44900,A
2014-01-04,41700,A
2014-01-05,39100,A
2014-01-06,40300,A
2014-01-07,46500,A
2014-01-08,47400,A
2014-01-09,43100,A
2014-01-10,41600,A
2014-01-11,37200,A
2014-01-12,46600,A
2014-01-13,48700,A
2014-01-14,50900,A
2014-01-15,51400,A
2014-01-16,52300,A
2014-01-17,50500,A
2014-01-18,51200,A
2014-01-19,45900,A
2014-01-20,43300,A
2014-01-21,45500,A
2014-01-22,45300,A
2014-01-23,41100,A
2014-01-24,37400,A
2014-01-25,32400,A
2014-01-26,29800,A
2014-01-27,24400,A
2014-01-28,22100,A
2014-01-29,25500,A
2014-01-30,22900,A
2014-01-31,16900,A
2014-02-01,15700,A
2014-02-02,17400,A
2014-02-03,28000,A
2014-02-04,45100,A
2014-02-05,59900,A
2014-02-06,55400,A
2014-02-07,51300,A
2014-02-08,50200,A
2014-02-09,50500,A
2014-02-10,46900,A
2014-02-11,40500,A
2014-02-12,39500,A
2014-02-13,37900,A
2014-02-14,30900,A
2014-02-15,24200,A
2014-02-16,23000,A
2014-02-17,22600,A
2014-02-18,26300,A
2014-02-19,30000,A
2014-02-20,29900,A
2014-02-21,32200,A
2014-02-22,34100,A
2014-02-23,36000,A
2014-02-24,34500,A
2014-02-25,31900,A
2014-02-26,30400,A
2014-02-27,31900,A
2014-02-28,31100,A
2014-03-01,30400,A
2014-03-02,26400,A
2014-03-03,39800,A
2014-03-04,46800,A
2014-03-05,46900,A
2014-03-06,42900,A
2014-03-07,35500,A
2014-03-08,34300,A
2014-03-09,34700,A
2014-03-10,34200,A
2014-03-11,28000,A
2014-03-12,25200,A
2014-03-13,25100,A
2014-03-14,27700,A
2014-03-15,31000,A
2014-03-16,25700,A
2014-03-17,20300,A
2014-03-18,17300,A
2014-03-19,16300,A
2014-03-20,18300,A
2014-03-21,17700,A
2014-03-22,17400,A
2014-03-23,17300,A
2014-03-24,16300,A
2014-03-25,16900,A
2014-03-26,15400,A
2014-03-27,10300,A
2014-03-28,8780,A
2014-03-29,7060,A
2014-03-30,7150,A
2014-03-31,9790,A
2014-04-01,10400,A
2014-04-02,12400,A
2014-04-03,14200,A
2014-04-04,24500,A
2014-04-05,33600,A
2014-04-06,23500,A
2014-04-07,21800,A
2014-04-08,23200,A
2014-04-09,25900,A
2014-04-10,25600,A
2014-04-11,24200,A
2014-04-12,21300,A
2014-04-13,21200,A
2014-04-14,21300,A
2014-04-15,20200,A
2014-04-16,17100,A
2014-04-17,12200,A
2014-04-18,11100,A
2014-04-19,10900,A
2014-04-20,11000,A
2014-04-21,12200,A
2014-04-22,10800,A
2014-04-23,9250,A
2014-04-24,11300,A
2014-04-25,12800,A
2014-04-26,15200,A
2014-04-27,17900,A
2014-04-28,24400,A
2014-04-29,45500,A
2014-04-30,45300,A
2014-05-01,44200,A
2014-05-02,46900,A
2014-05-03,47000,A
2014-05-04,46800,A
2014-05-05,43200,A
2014-05-06,39700,A
2014-05-07,38800,A
2014-05-08,40000,A
2014-05-09,42600,A
2014-05-10,35200,A
2014-05-11,28500,A
2014-05-12,21900,A
2014-05-13,10400,A
2014-05-14,7610,A
2014-05-15,17200,A
2014-05-16,22500,A
2014-05-17,18600,A
2014-05-18,16400,A
2014-05-19,12000,A
2014-05-20,8620,A
2014-05-21,7050,A
2014-05-22,7190,A
2014-05-23,5140,A
2014-05-24,4250,A
2014-05-25,4410,A
2014-05-26,4460,A
2014-05-27,5330,A
2014-05-28,6320,A
2014-05-29,5980,A
2014-05-30,5890,A
2014-05-31,7250,A
2014-06-01,7180,A
2014-06-02,7230,A
2014-06-03,8050,A
2014-06-04,8100,A
2014-06-05,11000,A
2014-06-06,8930,A
2014-06-07,6920,A
2014-06-08,8370,A
2014-06-09,6610,A
2014-06-10,8420,A
2014-06-11,7430,A
2014-06-12,9390,A
2014-06-13,8900,A
2014-06-14,9130,A
2014-06-15,9440,A
2014-06-16,8960,A
2014-06-17,7640,A
2014-06-18,9100,A
2014-06-19,8510,A
2014-06-20,7870,A
2014-06-21,7600,A
2014-06-22,6610,A
2014-06-23,7580,A
2014-06-24,7160,A
2014-06-25,7560,A
2014-06-26,7820,A
2014-06-27,7400,A
2014-06-28,7680,A
2014-06-29,7580,A
2014-06-30,7690,A
2014-07-01,9510,A
2014-07-02,9280,A
2014-07-03,8430,A
2014-07-04,7470,A
2014-07-05,7730,A
2014-07-06,7730,A
2014-07-07,8220,A
2014-07-08,8200,A
2014-07-09,8010,A
2014-07-10,8220,A
2014-07-11,7980,A
2014-07-12,7440,A
2014-07-13,7070,A
2014-07-14,7390,A
2014-07-15,7450,A
2014-07-16,7650,A
2014-07-17,7090,A
2014-07-18,8040,A
2014-07-19,7500,A
2014-07-20,7940,A
2014-07-21,8200,A
2014-07-22,10300,A
2014-07-23,10800,A
2014-07-24,10400,A
2014-07-25,11700,A
2014-07-26,10500,A
2014-07-27,11700,A
2014-07-28,10300,A
2014-07-29,8970,A
2014-07-30,9580,A
2014-07-31,9010,A
2014-08-01,8700,A
2014-08-02,8470,A
2014-08-03,8390,A
2014-08-04,9540,A
2014-08-05,10200,A
2014-08-06,10100,A
2014-08-07,10300,A
2014-08-08,10200,A
2014-08-09,10200,A
2014-08-10,10000,A
2014-08-11,8200,A
2014-08-12,11100,A
2014-08-13,15400,A
2014-08-14,15400,A
2014-08-15,14600,A
2014-08-16,11200,A
2014-08-17,9900,A
2014-08-18,10800,A
2014-08-19,9570,A
2014-08-20,9760,A
2014-08-21,11200,A
2014-08-22,13300,A
2014-08-23,15400,A
2014-08-24,12500,A
2014-08-25,13100,A
2014-08-26,12800,A
2014-08-27,12900,A
2014-08-28,14600,A
2014-08-29,13300,A
2014-08-30,12100,A
2014-08-31,12100,A
2014-09-01,11400,A
2014-09-02,13000,A
2014-09-03,14600,A
2014-09-04,17600,A
2014-09-05,18000,A
2014-09-06,11400,A
2014-09-07,11900,A
2014-09-08,12500,A
2014-09-09,11100,A
2014-09-10,11600,A
2014-09-11,11800,A
2014-09-12,11800,A
2014-09-13,9240,A
2014-09-14,8790,A
2014-09-15,8090,A
2014-09-16,7060,A
2014-09-17,6710,A
2014-09-18,6730,A
2014-09-19,7170,A
2014-09-20,7110,A
2014-09-21,7210,A
2014-09-22,7270,A
2014-09-23,6980,A
2014-09-24,6990,A
2014-09-25,6850,A
2014-09-26,7310,A
2014-09-27,7330,A
2014-09-28,7390,A
2014-09-29,6360,A
2014-09-30,5690,A
2014-10-01,5140,A
2014-10-02,4860,A
2014-10-03,5580,A
2014-10-04,6150,A
2014-10-05,5760,A
2014-10-06,5690,A
2014-10-07,6080,A
2014-10-08,6300,A
2014-10-09,8960,A
2014-10-10,13200,A
2014-10-11,14500,A
2014-10-12,19100,A
2014-10-13,19600,A
2014-10-14,35600,A
2014-10-15,61500,A
2014-10-16,55100,A
2014-10-17,50300,A
2014-10-18,42300,A
2014-10-19,38600,A
2014-10-20,34500,A
2014-10-21,26400,A
2014-10-22,25000,A
2014-10-23,22600,A
2014-10-24,23000,A
2014-10-25,23400,A
2014-10-26,23200,A
2014-10-27,22600,A
2014-10-28,20700,A
2014-10-29,20600,A
2014-10-30,20500,A
2014-10-31,19900,A
2014-11-01,16400,A
2014-11-02,13400,A
2014-11-03,12000,A
2014-11-04,11800,A
2014-11-05,12000,A
2014-11-06,15300,A
2014-11-07,23500,A
2014-11-08,26200,A
2014-11-09,26100,A
2014-11-10,27000,A
2014-11-11,31000,A
2014-11-12,31800,A
2014-11-13,26800,A
2014-11-14,23000,A
2014-11-15,15400,A
2014-11-16,13900,A
2014-11-17,22200,A
2014-11-18,31100,A
2014-11-19,39200,A
2014-11-20,40400,A
2014-11-21,39600,A
2014-11-22,38900,A
2014-11-23,37200,A
2014-11-24,37100,A
2014-11-25,33300,A
2014-11-26,33000,A
2014-11-27,31500,A
2014-11-28,29700,A
2014-11-29,29600,A
2014-11-30,29400,A
2014-12-01,31900,A
2014-12-02,33200,A
2014-12-03,33300,A
2014-12-04,32200,A
2014-12-05,33000,A
2014-12-06,42500,A
2014-12-07,50000,A
2014-12-08,39800,A
2014-12-09,34500,A
2014-12-10,34400,A
2014-12-11,33200,A
2014-12-12,27300,A
2014-12-13,19200,A
2014-12-14,17900,A
2014-12-15,19600,A
2014-12-16,20900,A
2014-12-17,21300,A
2014-12-18,20300,A
2014-12-19,20600,A
2014-12-20,18100,A
2014-12-21,17000,A
2014-12-22,17900,A
2014-12-23,20800,A
2014-12-24,26500,A
2014-12-25,36000,A
2014-12-26,46900,A
2014-12-27,44200,A
2014-12-28,39600,A
2014-12-29,41700,A
2014-12-30,48100,A
2014-12-31,48800,A
2015-01-01,45400,A
2015-01-02,42200,A
2015-01-03,38400,A
2015-01-04,37300,A
2015-01-05,45500,A
2015-01-06,45900,A
2015-01-07,35900,A
2015-01-08,31700,A
2015-01-09,36000,A
2015-01-10,40100,A
2015-01-11,40200,A
2015-01-12,42800,A
2015-01-13,48900,A
2015-01-14,50000,A
2015-01-15,45500,A
2015-01-16,34800,A
2015-01-17,28400,A
2015-01-18,27300,A
2015-01-19,27100,A
2015-01-20,28700,A
2015-01-21,31200,A
2015-01-22,30200,A
2015-01-23,30500,A
2015-01-24,28600,A
2015-01-25,27000,A
2015-01-26,25700,A
2015-01-27,21300,A
2015-01-28,20600,A
2015-01-29,20600,A
2015-01-30,21000,A
2015-01-31,11500,A
2015-02-01,10300,A
2015-02-02,18000,A
2015-02-03,27100,A
2015-02-04,28000,A
2015-02-05,28400,A
2015-02-06,26400,A
2015-02-07,21500,A
2015-02-08,20400,A
2015-02-09,14900,A
2015-02-10,9010,A
2015-02-11,9950,A
2015-02-12,15700,A
2015-02-13,19500,A
2015-02-14,18900,A
2015-02-15,19400,A
2015-02-16,18300,A
2015-02-17,18900,A
2015-02-18,18800,A
2015-02-19,24100,A
2015-02-20,25300,A
2015-02-21,35900,A
2015-02-22,73100,A
2015-02-23,69200,A
2015-02-24,54600,A
2015-02-25,38700,A
2015-02-26,39300,A
2015-02-27,43300,A
2015-02-28,43300,A
2015-03-01,41700,A
2015-03-02,36600,A
2015-03-03,33200,A
2015-03-04,45700,A
2015-03-05,67700,A
2015-03-06,70600,A
2015-03-07,67200,A
2015-03-08,59000,A
2015-03-09,62800,A
2015-03-10,71100,A
2015-03-11,69000,A
2015-03-12,62100,A
2015-03-13,61100,A
2015-03-14,60300,A
2015-03-15,59400,A
2015-03-16,60000,A
2015-03-17,59000,A
2015-03-18,55800,A
2015-03-19,55600,A
2015-03-20,56200,A
2015-03-21,53100,A
2015-03-22,51700,A
2015-03-23,49900,A
2015-03-24,47100,A
2015-03-25,42800,A
2015-03-26,42900,A
2015-03-27,45200,A
2015-03-28,44200,A
2015-03-29,43100,A
2015-03-30,41200,A
2015-03-31,35000,A
2015-04-01,33800,A
2015-04-02,33300,A
2015-04-03,34000,A
2015-04-04,34700,A
2015-04-05,34000,A
2015-04-06,31900,A
2015-04-07,32300,A
2015-04-08,32900,A
2015-04-09,42400,A
2015-04-10,51100,A
2015-04-11,47900,A
2015-04-12,42300,A
2015-04-13,41300,A
2015-04-14,46100,A
2015-04-15,52300,A
2015-04-16,55200,A
2015-04-17,52900,A
2015-04-18,56600,A
2015-04-19,63400,A
2015-04-20,61200,A
2015-04-21,53700,A
2015-04-22,49900,A
2015-04-23,49200,A
2015-04-24,49900,A
2015-04-25,48500,A
2015-04-26,48600,A
2015-04-27,40900,A
2015-04-28,38200,A
2015-04-29,37500,A
2015-04-30,37400,A
2015-05-01,37400,A
2015-05-02,32800,A
2015-05-03,18900,A
2015-05-04,15900,A
2015-05-05,11600,A
2015-05-06,9110,A
2015-05-07,8960,A
2015-05-08,8240,A
2015-05-09,6350,A
2015-05-10,5630,A
2015-05-11,6230,A
2015-05-12,7450,A
2015-05-13,6930,A
2015-05-14,8170,A
2015-05-15,9300,A
2015-05-16,6540,A
2015-05-17,5680,A
2015-05-18,6580,A
2015-05-19,6860,A
2015-05-20,7140,A
2015-05-21,6750,A
2015-05-22,6950,A
2015-05-23,5830,A
2015-05-24,6820,A
2015-05-25,5860,A
2015-05-26,6530,A
2015-05-27,6110,A
2015-05-28,6830,A
2015-05-29,7470,A
2015-05-30,6860,A
2015-05-31,7100,A
2015-06-01,8940,A
2015-06-02,11800,A
2015-06-03,13100,A
2015-06-04,11100,A
2015-06-05,9190,A
2015-06-06,6090,A
2015-06-07,6040,A
2015-06-08,9200,A
2015-06-09,10400,A
2015-06-10,11600,A
2015-06-11,12400,A
2015-06-12,11300,A
2015-06-13,7470,A
2015-06-14,6990,A
2015-06-15,7470,A
2015-06-16,8830,A
2015-06-17,9680,A
2015-06-18,9060,A
2015-06-19,9190,A
2015-06-20,7010,A
2015-06-21,7560,A
2015-06-22,6830,A
2015-06-23,7740,A
2015-06-24,9430,A
2015-06-25,15100,A
2015-06-26,12600,A
2015-06-27,11600,A
2015-06-28,11200,A
2015-06-29,11400,A
2015-06-30,9810,A
2015-07-01,10500,A
2015-07-02,13600,A
2015-07-03,29700,A
2015-07-04,50500,A
2015-07-05,48900,A
2015-07-06,31200,A
2015-07-07,34200,A
2015-07-08,26900,A
2015-07-09,22600,A
2015-07-10,21600,A
2015-07-11,21800,A
2015-07-12,22700,A
2015-07-13,26500,A
2015-07-14,30300,A
2015-07-15,45500,A
2015-07-16,53500,A
2015-07-17,41300,A
2015-07-18,30800,A
2015-07-19,29800,A
2015-07-20,29400,A
2015-07-21,28500,A
2015-07-22,28300,A
2015-07-23,28300,A
2015-07-24,28600,A
2015-07-25,30100,A
2015-07-26,24300,A
2015-07-27,31100,A
2015-07-28,32800,A
2015-07-29,30900,A
2015-07-30,31300,A
2015-07-31,28800,A
2015-08-01,21800,A
2015-08-02,25700,A
2015-08-03,25400,A
2015-08-04,20500,A
2015-08-05,20400,A
2015-08-06,20900,A
2015-08-07,19500,A
2015-08-08,16100,A
2015-08-09,11000,A
2015-08-10,11500,A
2015-08-11,11500,A
2015-08-12,11200,A
2015-08-13,10600,A
2015-08-14,10900,A
2015-08-15,10200,A
2015-08-16,9080,A
2015-08-17,10400,A
2015-08-18,11400,A
2015-08-19,13200,A
2015-08-20,14200,A
2015-08-21,14500,A
2015-08-22,14600,A
2015-08-23,14700,A
2015-08-24,12700,A
2015-08-25,10300,A
2015-08-26,9830,A
2015-08-27,9740,A
2015-08-28,9530,A
2015-08-29,9550,A
2015-08-30,9550,A
2015-08-31,10000,A
2015-09-01,9660,A
2015-09-02,10100,A
2015-09-03,10400,A
2015-09-04,12600,A
2015-09-05,9620,A
2015-09-06,8870,A
2015-09-07,8360,A
2015-09-08,9180,A
2015-09-09,12600,A
2015-09-10,13200,A
2015-09-11,13200,A
2015-09-12,13300,A
2015-09-13,13400,A
2015-09-14,12600,A
2015-09-15,12600,A
2015-09-16,12700,A
2015-09-17,13100,A
2015-09-18,13500,A
2015-09-19,10800,A
2015-09-20,7240,A
2015-09-21,8670,A
2015-09-22,9840,A
2015-09-23,10000,A
2015-09-24,9880,A
2015-09-25,9930,A
2015-09-26,9760,A
2015-09-27,10300,A
2015-09-28,10200,A
2015-09-29,11600,A
2015-09-30,10100,A
2015-10-01,11300,A
2015-10-02,12200,A
2015-10-03,11800,A
2015-10-04,13000,A
2015-10-05,11900,A
2015-10-06,13800,A
2015-10-07,13800,A
2015-10-08,13600,A
2015-10-09,13800,A
2015-10-10,11300,A
2015-10-11,10400,A
2015-10-12,11100,A
2015-10-13,12600,A
2015-10-14,12400,A
2015-10-15,12700,A
2015-10-16,12700,A
2015-10-17,9160,A
2015-10-18,7920,A
2015-10-19,10800,A
2015-10-20,11500,A
2015-10-21,11800,A
2015-10-22,11700,A
2015-10-23,11700,A
2015-10-24,9100,A
2015-10-25,8180,A
2015-10-26,8930,A
2015-10-27,12300,A
2015-10-28,14800,A
2015-10-29,13700,A
2015-10-30,11600,A
2015-10-31,8570,A
2015-11-01,8560,A
2015-11-02,9130,A
2015-11-03,8650,A
2015-11-04,8730,A
2015-11-05,8890,A
2015-11-06,8880,A
2015-11-07,6150,A
2015-11-08,5700,A
2015-11-09,7210,A
2015-11-10,7990,A
2015-11-11,7480,A
2015-11-12,9410,A
2015-11-13,9070,A
2015-11-14,8590,A
2015-11-15,8910,A
2015-11-16,10400,A
2015-11-17,9820,A
2015-11-18,14100,A
2015-11-19,16900,A
2015-11-20,18700,A
2015-11-21,18900,A
2015-11-22,17800,A
2015-11-23,16400,A
2015-11-24,15000,A
2015-11-25,12600,A
2015-11-26,12800,A
2015-11-27,13200,A
2015-11-28,15100,A
2015-11-29,17100,A
2015-11-30,30600,A
2015-12-01,51000,A
2015-12-02,57900,A
2015-12-03,53500,A
2015-12-04,45400,A
2015-12-05,44400,A
2015-12-06,42800,A
2015-12-07,39700,A
2015-12-08,44800,A
2015-12-09,42200,A
2015-12-10,41200,A
2015-12-11,40900,A
2015-12-12,39300,A
2015-12-13,38400,A
2015-12-14,39400,A
2015-12-15,37600,A
2015-12-16,36800,A
2015-12-17,40400,A
2015-12-18,45600,A
2015-12-19,37900,A
2015-12-20,35500,A
2015-12-21,37500,A
2015-12-22,42500,A
2015-12-23,48500,A
2015-12-24,53000,A
2015-12-25,55000,A
2015-12-26,58400,A
2015-12-27,58700,A
2015-12-28,56800,A
2015-12-29,45100,A
2015-12-30,40800,A
2015-12-31,43000,A
2016-01-01,43400,A
2016-01-02,39800,A
2016-01-03,18700,A
2016-01-04,9500,A
2016-01-05,14400,A
2016-01-06,20400,A
2016-01-07,25000,A
2016-01-08,36400,A
2016-01-09,52200,A
2016-01-10,53700,A
2016-01-11,47300,A
2016-01-12,39600,A
2016-01-13,40100,A
2016-01-14,40000,A
2016-01-15,40400,A
2016-01-16,38800,A
2016-01-17,36400,A
2016-01-18,32500,A
2016-01-19,31400,A
2016-01-20,33500,A
2016-01-21,36200,A
2016-01-22,37300,A
2016-01-23,39400,A
2016-01-24,42200,A
2016-01-25,39500,A
2016-01-26,32000,A
2016-01-27,37200,A
2016-01-28,41400,A
2016-01-29,42200,A
2016-01-30,41900,A
2016-01-31,42000,A
2016-02-01,41800,A
2016-02-02,38500,A
2016-02-03,42500,A
2016-02-04,54600,A
2016-02-05,56800,A
2016-02-06,56000,A
2016-02-07,55600,A
2016-02-08,53800,A
2016-02-09,51400,A
2016-02-10,51000,A
2016-02-11,50100,A
2016-02-12,51000,A
2016-02-13,48200,A
2016-02-14,45500,A
2016-02-15,45700,A
2016-02-16,58100,A
2016-02-17,75500,A
2016-02-18,76200,A
2016-02-19,70100,A
2016-02-20,65300,A
2016-02-21,65400,A
2016-02-22,65000,A
2016-02-23,62800,A
2016-02-24,64200,A
2016-02-25,68200,A
2016-02-26,68500,A
2016-02-27,67200,A
2016-02-28,62700,A
2016-02-29,58300,A
2016-03-01,55300,A
2016-03-02,52500,A
2016-03-03,49600,A
2016-03-04,49300,A
2016-03-05,45800,A
2016-03-06,43800,A
2016-03-07,44500,A
2016-03-08,48300,A
2016-03-09,46300,A
2016-03-10,39800,A
2016-03-11,35400,A
2016-03-12,31200,A
2016-03-13,32300,A
2016-03-14,31700,A
2016-03-15,24800,A
2016-03-16,24000,A
2016-03-17,21800,A
2016-03-18,18800,A
2016-03-19,10900,A
2016-03-20,17800,A
2016-03-21,20400,A
2016-03-22,18800,A
2016-03-23,18900,A
2016-03-24,18800,A
2016-03-25,19700,A
2016-03-26,15900,A
2016-03-27,13000,A
2016-03-28,9460,A
2016-03-29,8310,A
2016-03-30,10800,A
2016-03-31,13700,A
2016-04-01,9000,A
2016-04-02,7360,A
2016-04-03,7960,A
2016-04-04,7200,A
2016-04-05,7700,A
2016-04-06,8050,A
2016-04-07,10200,A
2016-04-08,9570,A
2016-04-09,8720,A
2016-04-10,9120,A
2016-04-11,8270,A
2016-04-12,9050,A
2016-04-13,7290,A
2016-04-14,8020,A
2016-04-15,7600,A
2016-04-16,6310,A
2016-04-17,6070,A
2016-04-18,9510,A
2016-04-19,8520,A
2016-04-20,7560,A
2016-04-21,7880,A
2016-04-22,8060,A
2016-04-23,5450,A
2016-04-24,4830,A
2016-04-25,6310,A
2016-04-26,8160,A
2016-04-27,7470,A
2016-04-28,6860,A
2016-04-29,7590,A
2016-04-30,4710,A
2016-05-01,6580,A
2016-05-02,6000,A
2016-05-03,7330,A
2016-05-04,7330,A
2016-05-05,6950,A
2016-05-06,6970,A
2016-05-07,5480,A
2016-05-08,6000,A
2016-05-09,5720,A
2016-05-10,7310,A
2016-05-11,16200,A
2016-05-12,28500,A
2016-05-13,21300,A
2016-05-14,19600,A
2016-05-15,21600,A
2016-05-16,24700,A
2016-05-17,23900,A
2016-05-18,24100,A
2016-05-19,16200,A
2016-05-20,13300,A
2016-05-21,15800,A
2016-05-22,20300,A
2016-05-23,20400,A
2016-05-24,19800,A
2016-05-25,17800,A
2016-05-26,16600,A
2016-05-27,17700,A
2016-05-28,14100,A
2016-05-29,9620,A
2016-05-30,8600,A
2016-05-31,6810,A
2016-06-01,6110,A
2016-06-02,5930,A
2016-06-03,6620,A
2016-06-04,7460,A
2016-06-05,7640,A
2016-06-06,11200,A
2016-06-07,9310,A
2016-06-08,6200,A
2016-06-09,6010,A
2016-06-10,6480,A
2016-06-11,8170,A
2016-06-12,8420,A
2016-06-13,9990,A
2016-06-14,7790,A
2016-06-15,8900,A
2016-06-16,10800,A
2016-06-17,12700,A
2016-06-18,9540,A
2016-06-19,7470,A
2016-06-20,6970,A
2016-06-21,6970,A
2016-06-22,6790,A
2016-06-23,7000,A
2016-06-24,9040,A
2016-06-25,16400,A
2016-06-26,13600,A
2016-06-27,10200,A
2016-06-28,8030,A
2016-06-29,8650,A
2016-06-30,8950,A
2016-07-01,8670,A
2016-07-02,6200,A
2016-07-03,6280,A
2016-07-04,8280,A
2016-07-05,9050,A
2016-07-06,10300,A
2016-07-07,33200,A
2016-07-08,49300,A
2016-07-09,32300,A
2016-07-10,26000,A
2016-07-11,16900,A
2016-07-12,10300,A
2016-07-13,11000,A
2016-07-14,10300,A
2016-07-15,13600,A
2016-07-16,14000,A
2016-07-17,15700,A
2016-07-18,13200,A
2016-07-19,12600,A
2016-07-20,11800,A
2016-07-21,11200,A
2016-07-22,11100,A
2016-07-23,12300,A
2016-07-24,12200,A
2016-07-25,12400,A
2016-07-26,10800,A
2016-07-27,10800,A
2016-07-28,12400,A
2016-07-29,15200,A
2016-07-30,39000,A
2016-07-31,24600,A
2016-08-01,14700,A
2016-08-02,13800,A
2016-08-03,13900,A
2016-08-04,14200,A
2016-08-05,12700,A
2016-08-06,11500,A
2016-08-07,12700,A
2016-08-08,12300,A
2016-08-09,14200,A
2016-08-10,13700,A
2016-08-11,15200,A
2016-08-12,15300,A
2016-08-13,12200,A
2016-08-14,9440,A
2016-08-15,11100,A
2016-08-16,12100,A
2016-08-17,13800,A
2016-08-18,14500,A
2016-08-19,14100,A
2016-08-20,13600,A
2016-08-21,13900,A
2016-08-22,15800,A
2016-08-23,14300,A
2016-08-24,13300,A
2016-08-25,13100,A
2016-08-26,13700,A
2016-08-27,9330,A
2016-08-28,9400,A
2016-08-29,10100,A
2016-08-30,11500,A
2016-08-31,11200,A
2016-09-01,10400,A
2016-09-02,10500,A
2016-09-03,8190,A
2016-09-04,8140,A
2016-09-05,8010,A
2016-09-06,8380,A
2016-09-07,8200,A
2016-09-08,7900,A
2016-09-09,8810,A
2016-09-10,9060,A
2016-09-11,9050,A
2016-09-12,8930,A
2016-09-13,9100,A
2016-09-14,9120,A
2016-09-15,8980,A
2016-09-16,9020,A
2016-09-17,7290,A
2016-09-18,7900,A
2016-09-19,8520,A
2016-09-20,9970,A
2016-09-21,10500,A
2016-09-22,11200,A
2016-09-23,10700,A
2016-09-24,5760,A
2016-09-25,5260,A
2016-09-26,5400,A
2016-09-27,5690,A
2016-09-28,5980,A
2016-09-29,6280,A
2016-09-30,6290,A
2016-10-01,5890,A
2016-10-02,6000,A
2016-10-03,5820,A
2016-10-04,5800,A
2016-10-05,5340,A
2016-10-06,4920,A
2016-10-07,5700,A
2016-10-08,5500,A
2016-10-09,5690,A
2016-10-10,5980,A
2016-10-11,5640,A
2016-10-12,5450,A
2016-10-13,5600,A
2016-10-14,5620,A
2016-10-15,5690,A
2016-10-16,5560,A
2016-10-17,6480,A
2016-10-18,6600,A
2016-10-19,6380,A
2016-10-20,6270,A
2016-10-21,5580,A
2016-10-22,5490,A
2016-10-23,5610,A
2016-10-24,6200,A
2016-10-25,7640,A
2016-10-26,7610,A
2016-10-27,7310,A
2016-10-28,6660,A
2016-10-29,6890,A
2016-10-30,6410,A
2016-10-31,6590,A
2016-11-01,6150,A
2016-11-02,5860,A
2016-11-03,6540,A
2016-11-04,5700,A
2016-11-05,6030,A
2016-11-06,6130,A
2016-11-07,6070,A
2016-11-08,5410,A
2016-11-09,5390,A
2016-11-10,5310,A
2016-11-11,5350,A
2016-11-12,5350,A
2016-11-13,4940,A
2016-11-14,5610,A
2016-11-15,5530,A
2016-11-16,5080,A
2016-11-17,5260,A
2016-11-18,5420,A
2016-11-19,4920,A
2016-11-20,5400,A
2016-11-21,4210,A
2016-11-22,4050,A
2016-11-23,3880,A
2016-11-24,4650,A
2016-11-25,3970,A
2016-11-26,3980,A
2016-11-27,3880,A
2016-11-28,4320,A
2016-11-29,7130,A
2016-11-30,6940,A
2016-12-01,8080,A
2016-12-02,7880,A
2016-12-03,7490,A
2016-12-04,7680,A
2016-12-05,8160,A
2016-12-06,7820,A
2016-12-07,8660,A
2016-12-08,7790,A
2016-12-09,8710,A
2016-12-10,6390,A
2016-12-11,6070,A
2016-12-12,8370,A
2016-12-13,8040,A
2016-12-14,9000,A
2016-12-15,9830,A
2016-12-16,11500,A
2016-12-17,12800,A
2016-12-18,15400,A
2016-12-19,24100,A
2016-12-20,19300,A
2016-12-21,15400,A
2016-12-22,14200,A
2016-12-23,12500,A
2016-12-24,19200,A
2016-12-25,28900,A
2016-12-26,21700,A
2016-12-27,26700,A
2016-12-28,34100,A
2016-12-29,31000,A
2016-12-30,24000,A
2016-12-31,23400,A
2017-01-01,26000,A
2017-01-02,27400,A
2017-01-03,31100,A
2017-01-04,33800,A
2017-01-05,31000,A
2017-01-06,27900,A
2017-01-07,27000,A
2017-01-08,26200,A
2017-01-09,26100,A
2017-01-10,26900,A
2017-01-11,28400,A
2017-01-12,23200,A
2017-01-13,21900,A
2017-01-14,17400,A
2017-01-15,14300,A
2017-01-16,14600,A
2017-01-17,18100,A
2017-01-18,27800,A
2017-01-19,32600,A
2017-01-20,41300,A
2017-01-21,44400,A
2017-01-22,43800,A
2017-01-23,29300,A
2017-01-24,24000,A
2017-01-25,28500,A
2017-01-26,30600,A
2017-01-27,35100,A
2017-01-28,40500,A
2017-01-29,35700,A
2017-01-30,34700,A
2017-01-31,33100,A
2017-02-01,32000,A
2017-02-02,32200,A
2017-02-03,29500,A
2017-02-04,26000,A
2017-02-05,21300,A
2017-02-06,22100,A
2017-02-07,24300,A
2017-02-08,25900,A
2017-02-09,23400,A
2017-02-10,21400,A
2017-02-11,13200,A
2017-02-12,10700,A
2017-02-13,17200,A
2017-02-14,19600,A
2017-02-15,19500,A
2017-02-16,19500,A
2017-02-17,19900,A
2017-02-18,13800,A
2017-02-19,12500,A
2017-02-20,12500,A
2017-02-21,12300,A
2017-02-22,14200,A
2017-02-23,14400,A
2017-02-24,14500,A
2017-02-25,12200,A
2017-02-26,11500,A
2017-02-27,11500,A
2017-02-28,13300,A
2017-03-01,15200,A
2017-03-02,16100,A
2017-03-03,22400,A
2017-03-04,22000,A
2017-03-05,21600,A
2017-03-06,21100,A
2017-03-07,23700,A
2017-03-08,23700,A
2017-03-09,24300,A
2017-03-10,33300,A
2017-03-11,41200,A
2017-03-12,36400,A
2017-03-13,27500,A
2017-03-14,25700,A
2017-03-15,21900,A
2017-03-16,21000,A
2017-03-17,21400,A
2017-03-18,22200,A
2017-03-19,21300,A
2017-03-20,20300,A
2017-03-21,22200,A
2017-03-22,25300,A
2017-03-23,24900,A
2017-03-24,24700,A
2017-03-25,21000,A
2017-03-26,20400,A
2017-03-27,25000,A
2017-03-28,27600,A
2017-03-29,26800,A
2017-03-30,26000,A
2017-03-31,26900,A
2017-04-01,25900,A
2017-04-02,25500,A
2017-04-03,25400,A
2017-04-04,25900,A
2017-04-05,24800,A
2017-04-06,23700,A
2017-04-07,21000,A
2017-04-08,23200,A
2017-04-09,23600,A
2017-04-10,23700,A
2017-04-11,22400,A
2017-04-12,21100,A
2017-04-13,18800,A
2017-04-14,16200,A
2017-04-15,9600,A
2017-04-16,9630,A
2017-04-17,12200,A
2017-04-18,12000,A
2017-04-19,17700,A
2017-04-20,21400,A
2017-04-21,22300,A
2017-04-22,30100,A
2017-04-23,57800,A
2017-04-24,66600,A
2017-04-25,59700,A
2017-04-26,62200,A
2017-04-27,68800,A
2017-04-28,68100,A
2017-04-29,62000,A
2017-04-30,47600,A
2017-05-01,32500,A
2017-05-02,26400,A
2017-05-03,42700,A
2017-05-04,49200,A
2017-05-05,48600,A
2017-05-06,47900,A
2017-05-07,51700,A
2017-05-08,55100,A
2017-05-09,50800,A
2017-05-10,46400,A
2017-05-11,43200,A
2017-05-12,44300,A
2017-05-13,43300,A
2017-05-14,34100,A
2017-05-15,32500,A
2017-05-16,32100,A
2017-05-17,31600,A
2017-05-18,26500,A
2017-05-19,22500,A
2017-05-20,23900,A
2017-05-21,25100,A
2017-05-22,18900,A
2017-05-23,14500,A
2017-05-24,14700,A
2017-05-25,16300,A
2017-05-26,18500,A
2017-05-27,21300,A
2017-05-28,17200,A
2017-05-29,24900,A
2017-05-30,27500,A
2017-05-31,29900,A
2017-06-01,29700,A
2017-06-02,27800,A
2017-06-03,25100,A
2017-06-04,21800,A
2017-06-05,24800,A
2017-06-06,58300,A
2017-06-07,46700,A
2017-06-08,20600,A
2017-06-09,19000,A
2017-06-10,19100,A
2017-06-11,17100,A
2017-06-12,17300,A
2017-06-13,16500,A
2017-06-14,10400,A
2017-06-15,12000,A
2017-06-16,16500,A
2017-06-17,21600,A
2017-06-18,23200,A
2017-06-19,16700,A
2017-06-20,10900,A
2017-06-21,15200,A
2017-06-22,18700,A
2017-06-23,23400,A
2017-06-24,13500,A
2017-06-25,7510,A
2017-06-26,12000,A
2017-06-27,16400,A
2017-06-28,15000,A
2017-06-29,14500,A
2017-06-30,13900,A
2017-07-01,8790,A
2017-07-02,11500,A
2017-07-03,13800,A
2017-07-04,17500,A
2017-07-05,10800,A
2017-07-06,20300,A
2017-07-07,33600,A
2017-07-08,39100,A
2017-07-09,38800,A
2017-07-10,29500,A
2017-07-11,17600,A
2017-07-12,16300,A
2017-07-13,16200,A
2017-07-14,16800,A
2017-07-15,16700,A
2017-07-16,17600,A
2017-07-17,16100,A
2017-07-18,16100,A
2017-07-19,16200,A
2017-07-20,15700,A
2017-07-21,13400,A
2017-07-22,11200,A
2017-07-23,11900,A
2017-07-24,16000,A
2017-07-25,16400,A
2017-07-26,16300,A
2017-07-27,14400,A
2017-07-28,11100,A
2017-07-29,12400,A
2017-07-30,14100,A
2017-07-31,12100,A
2017-08-01,13900,A
2017-08-02,14000,A
2017-08-03,14400,A
2017-08-04,15000,A
2017-08-05,10700,A
2017-08-06,9950,A
2017-08-07,11100,A
2017-08-08,10300,A
2017-08-09,13500,A
2017-08-10,11900,A
2017-08-11,12600,A
2017-08-12,11600,A
2017-08-13,10800,A
2017-08-14,13200,A
2017-08-15,15000,A
2017-08-16,14900,A
2017-08-17,13700,A
2017-08-18,13900,A
2017-08-19,13700,A
2017-08-20,13900,A
2017-08-21,14100,A
2017-08-22,11700,A
2017-08-23,13700,A
2017-08-24,13900,A
2017-08-25,13600,A
2017-08-26,12800,A
2017-08-27,12900,A
2017-08-28,15800,A
2017-08-29,15500,A
2017-08-30,17700,A
2017-08-31,19900,A
2017-09-01,43400,A
2017-09-02,35500,A
2017-09-03,26300,A
2017-09-04,12100,A
2017-09-05,12500,A
2017-09-06,17800,A
2017-09-07,23300,A
2017-09-08,23800,A
2017-09-09,22700,A
2017-09-10,18600,A
2017-09-11,17500,A
2017-09-12,14100,A
2017-09-13,14000,A
2017-09-14,14800,A
2017-09-15,15000,A
2017-09-16,14000,A
2017-09-17,13200,A
2017-09-18,12900,A
2017-09-19,12400,A
2017-09-20,12500,A
2017-09-21,12600,A
2017-09-22,13300,A
2017-09-23,10200,A
2017-09-24,9590,A
2017-09-25,8870,A
2017-09-26,8610,A
2017-09-27,8730,A
2017-09-28,8530,A
2017-09-29,7170,A
2017-09-30,6230,A
2017-10-01,6210,A
2017-10-02,8220,A
2017-10-03,8390,A
2017-10-04,7340,A
2017-10-05,7770,A
2017-10-06,8740,A
2017-10-07,10300,A
2017-10-08,9880,A
2017-10-09,7990,A
2017-10-10,8040,A
2017-10-11,6620,A
2017-10-12,6540,A
2017-10-13,7050,A
2017-10-14,7530,A
2017-10-15,7750,A
2017-10-16,8070,A
2017-10-17,6480,A
2017-10-18,5940,A
2017-10-19,5400,A
2017-10-20,5930,A
2017-10-21,6070,A
2017-10-22,6530,A
2017-10-23,7930,A
2017-10-24,7390,A
2017-10-25,7190,A
2017-10-26,6690,A
2017-10-27,9600,A
2017-10-28,13400,A
2017-10-29,8340,A
2017-10-30,11000,A
2017-10-31,14200,A
2017-11-01,15900,A
2017-11-02,15900,A
2017-11-03,14700,A
2017-11-04,11700,A
2017-11-05,10800,A
2017-11-06,11400,A
2017-11-07,28700,A
2017-11-08,41400,A
2017-11-09,41600,A
2017-11-10,28600,A
2017-11-11,28400,A
2017-11-12,27300,A
2017-11-13,28400,A
2017-11-14,27400,A
2017-11-15,25000,A
2017-11-16,25300,A
2017-11-17,25100,A
2017-11-18,20200,A
2017-11-19,13600,A
2017-11-20,16100,A
2017-11-21,15400,A
2017-11-22,15800,A
2017-11-23,15000,A
2017-11-24,14000,A
2017-11-25,13300,A
2017-11-26,13500,A
2017-11-27,13000,A
2017-11-28,14500,A
2017-11-29,15100,A
2017-11-30,14500,A
2017-12-01,15200,A
2017-12-02,14400,A
2017-12-03,14500,A
2017-12-04,14000,A
2017-12-05,13700,A
2017-12-06,14200,A
2017-12-07,13000,A
2017-12-08,13200,A
2017-12-09,9150,A
2017-12-10,7340,A
2017-12-11,11600,A
2017-12-12,13000,A
2017-12-13,14900,A
2017-12-14,13000,A
2017-12-15,13800,A
2017-12-16,8580,A
2017-12-17,7790,A
2017-12-18,12400,A
2017-12-19,15100,A
2017-12-20,14100,A
2017-12-21,21400,A
2017-12-22,27300,A
2017-12-23,49600,A
2017-12-24,71100,A
2017-12-25,52100,A
2017-12-26,44100,A
2017-12-27,41400,A
2017-12-28,45400,A
2017-12-29,35000,A
2017-12-30,32600,A
2017-12-31,31700,A
2018-01-01,32800,A
2018-01-02,34800,A
2018-01-03,30700,A
2018-01-04,27900,A
2018-01-05,28400,A
2018-01-06,21200,A
2018-01-07,15700,A
2018-01-08,17900,A
2018-01-09,19300,A
2018-01-10,19500,A
2018-01-11,21700,A
2018-01-12,22100,A
2018-01-13,15100,A
2018-01-14,13900,A
2018-01-15,14200,A
2018-01-16,15900,A
2018-01-17,18300,A
2018-01-18,17600,A
2018-01-19,18200,A
2018-01-20,14100,A
2018-01-21,9180,A
2018-01-22,9890,A
2018-01-23,10300,A
2018-01-24,12000,A
2018-01-25,11300,A
2018-01-26,12500,A
2018-01-27,10600,A
2018-01-28,8480,A
2018-01-29,10700,A
2018-01-30,15600,A
2018-01-31,17500,A
2018-02-01,12700,A
2018-02-02,16700,A
2018-02-03,12000,A
2018-02-04,10600,A
2018-02-05,20800,A
2018-02-06,28200,A
2018-02-07,45700,A
2018-02-08,60600,A
2018-02-09,60400,A
2018-02-10,70400,A
2018-02-11,86900,A
2018-02-12,80300,A
2018-02-13,71900,A
2018-02-14,71200,A
2018-02-15,71600,A
2018-02-16,73700,A
2018-02-17,75600,A
2018-02-18,82600,A
2018-02-19,93700,A
2018-02-20,84500,A
2018-02-21,81300,A
2018-02-22,72300,A
2018-02-23,61200,A
2018-02-24,59400,A
2018-02-25,65900,A
2018-02-26,79300,A
2018-02-27,87400,A
2018-02-28,86800,A
2018-03-01,78700,A
2018-03-02,66400,A
2018-03-03,67800,A
2018-03-04,69600,A
2018-03-05,71500,A
2018-03-06,70100,A
2018-03-07,65600,A
2018-03-08,62300,A
2018-03-09,60300,A
2018-03-10,56000,A
2018-03-11,53300,A
2018-03-12,53500,A
2018-03-13,55800,A
2018-03-14,59400,A
2018-03-15,59600,A
2018-03-16,57400,A
2018-03-17,52300,A
2018-03-18,51600,A
2018-03-19,50600,A
2018-03-20,44200,A
2018-03-21,36700,A
2018-03-22,35200,A
2018-03-23,34500,A
2018-03-24,34000,A
2018-03-25,33700,A
2018-03-26,36200,A
2018-03-27,47300,A
2018-03-28,50500,A
2018-03-29,59700,A
2018-03-30,60900,A
2018-03-31,58800,A
2018-04-01,58300,A
2018-04-02,50200,A
2018-04-03,39600,A
2018-04-04,42300,A
2018-04-05,48900,A
2018-04-06,51500,A
2018-04-07,46400,A
2018-04-08,39900,A
2018-04-09,40300,A
2018-04-10,40700,A
2018-04-11,42100,A
2018-04-12,42200,A
2018-04-13,42100,A
2018-04-14,40400,A
2018-04-15,42800,A
2018-04-16,44000,A
2018-04-17,48000,A
2018-04-18,50800,A
2018-04-19,53000,A
2018-04-20,51100,A
2018-04-21,49300,A
2018-04-22,49900,A
2018-04-23,60900,A
2018-04-24,64200,A
2018-04-25,60100,A
2018-04-26,55500,A
2018-04-27,54600,A
2018-04-28,50200,A
2018-04-29,48900,A
2018-04-30,46200,A
2018-05-01,40200,A
2018-05-02,37800,A
2018-05-03,37400,A
2018-05-04,38000,A
2018-05-05,29100,A
2018-05-06,27600,A
2018-05-07,26800,A
2018-05-08,23000,A
2018-05-09,20300,A
2018-05-10,19400,A
2018-05-11,18200,A
2018-05-12,15500,A
2018-05-13,14000,A
2018-05-14,14300,A
2018-05-15,14700,A
2018-05-16,15400,A
2018-05-17,15800,A
2018-05-18,16200,A
2018-05-19,12800,A
2018-05-20,10900,A
2018-05-21,12700,A
2018-05-22,15200,A
2018-05-23,15500,A
2018-05-24,11400,A
2018-05-25,11700,A
2018-05-26,11500,A
2018-05-27,11900,A
2018-05-28,11400,A
2018-05-29,14200,A
2018-05-30,14600,A
2018-05-31,14400,A
2018-06-01,15100,A
2018-06-02,23200,A
2018-06-03,24700,A
2018-06-04,20500,A
2018-06-05,19000,A
2018-06-06,15400,A
2018-06-07,13800,A
2018-06-08,13300,A
2018-06-09,11900,A
2018-06-10,10200,A
2018-06-11,13300,A
2018-06-12,15500,A
2018-06-13,15700,A
2018-06-14,15400,A
2018-06-15,15600,A
2018-06-16,10600,A
2018-06-17,9270,A
2018-06-18,10700,A
2018-06-19,10900,A
2018-06-20,10700,A
2018-06-21,10600,A
2018-06-22,10200,A
2018-06-23,7650,A
2018-06-24,7230,A
2018-06-25,11400,A
2018-06-26,11500,A
2018-06-27,13500,A
2018-06-28,37800,A
2018-06-29,38000,A
2018-06-30,23000,A
2018-07-01,15500,A
2018-07-02,10700,A
2018-07-03,17200,A
2018-07-04,17700,A
2018-07-05,17100,A
2018-07-06,13800,A
2018-07-07,11900,A
2018-07-08,8880,A
2018-07-09,12500,A
2018-07-10,13500,A
2018-07-11,14100,A
2018-07-12,13200,A
2018-07-13,13600,A
2018-07-14,9470,A
2018-07-15,8880,A
2018-07-16,13100,A
2018-07-17,15700,A
2018-07-18,15400,A
2018-07-19,13900,A
2018-07-20,13700,A
2018-07-21,9810,A
2018-07-22,16700,A
2018-07-23,17000,A
2018-07-24,9630,A
2018-07-25,11300,A
2018-07-26,12000,A
2018-07-27,12000,A
2018-07-28,9280,A
2018-07-29,6720,A
2018-07-30,11800,A
2018-07-31,12300,A
2018-08-01,11400,A
2018-08-02,11100,A
2018-08-03,10700,A
2018-08-04,9770,A
2018-08-05,7290,A
2018-08-06,11200,A
2018-08-07,12100,A
2018-08-08,12800,A
2018-08-09,12900,A
2018-08-10,12500,A
2018-08-11,8780,A
2018-08-12,11300,A
2018-08-13,15300,A
2018-08-14,12800,A
2018-08-15,11800,A
2018-08-16,11200,A
2018-08-17,11500,A
2018-08-18,12400,A
2018-08-19,16100,A
2018-08-20,18200,A
2018-08-21,19300,A
2018-08-22,15700,A
2018-08-23,14700,A
2018-08-24,14500,A
2018-08-25,8290,A
2018-08-26,7490,A
2018-08-27,11300,A
2018-08-28,13000,A
2018-08-29,11400,A
2018-08-30,11800,A
2018-08-31,11500,A
2018-09-01,8510,A
2018-09-02,7960,A
2018-09-03,9270,A
2018-09-04,9480,A
2018-09-05,10800,A
2018-09-06,10300,A
2018-09-07,10500,A
2018-09-08,8570,A
2018-09-09,6770,A
2018-09-10,9780,A
2018-09-11,10900,A
2018-09-12,11100,A
2018-09-13,11000,A
2018-09-14,11300,A
2018-09-15,6610,A
2018-09-16,6640,A
2018-09-17,7820,A
2018-09-18,6930,A
2018-09-19,7410,A
2018-09-20,10100,A
2018-09-21,10900,A
2018-09-22,9240,A
2018-09-23,13100,A
2018-09-24,19200,A
2018-09-25,20400,A
2018-09-26,28100,A
2018-09-27,38500,A
2018-09-28,47000,A
2018-09-29,44300,A
2018-09-30,30200,A
2018-10-01,23700,A
2018-10-02,25300,A
2018-10-03,37900,A
2018-10-04,35900,A
2018-10-05,29500,A
2018-10-06,29500,A
2018-10-07,29800,A
2018-10-08,29700,A
2018-10-09,26900,A
2018-10-10,25100,A
2018-10-11,21800,A
2018-10-12,17200,A
2018-10-13,16500,A
2018-10-14,16400,A
2018-10-15,27400,A
2018-10-16,36600,A
2018-10-17,28500,A
2018-10-18,27200,A
2018-10-19,24400,A
2018-10-20,21800,A
2018-10-21,19600,A
2018-10-22,9460,A
2018-10-23,6240,A
2018-10-24,6130,A
2018-10-25,7030,A
2018-10-26,11200,A
2018-10-27,11400,A
2018-10-28,11700,A
2018-10-29,13400,A
2018-10-30,16500,A
2018-10-31,17300,A
2018-11-01,17700,A
2018-11-02,14600,A
2018-11-03,12800,A
2018-11-04,13000,A
2018-11-05,14600,A
2018-11-06,37600,A
2018-11-07,47500,A
2018-11-08,35600,A
2018-11-09,28000,A
2018-11-10,29700,A
2018-11-11,30200,A
2018-11-12,31500,A
2018-11-13,31300,A
2018-11-14,30900,A
2018-11-15,40200,A
2018-11-16,51000,A
2018-11-17,51600,A
2018-11-18,51200,A
2018-11-19,46200,A
2018-11-20,38700,A
2018-11-21,36100,A
2018-11-22,33500,A
2018-11-23,30400,A
2018-11-24,29500,A
2018-11-25,29300,A
2018-11-26,31200,A
2018-11-27,30800,A
2018-11-28,33800,A
2018-11-29,35300,A
2018-11-30,35100,A
2018-12-01,31600,A
2018-12-02,39900,A
2018-12-03,43900,A
2018-12-04,44700,A
2018-12-05,40900,A
2018-12-06,37800,A
2018-12-07,37100,A
2018-12-08,35100,A
2018-12-09,35700,A
2018-12-10,37000,A
2018-12-11,37300,A
2018-12-12,39300,A
2018-12-13,39200,A
2018-12-14,39300,A
2018-12-15,38000,A
2018-12-16,37600,A
2018-12-17,40100,A
2018-12-18,43000,A
2018-12-19,45000,A
2018-12-20,47600,A
2018-12-21,53200,A
2018-12-22,59400,A
2018-12-23,61100,A
2018-12-24,54700,A
2018-12-25,45000,A
2018-12-26,44300,A
2018-12-27,45700,A
2018-12-28,51700,A
2018-12-29,55900,A
2018-12-30,58200,A
2018-12-31,76200,A
2019-01-01,97700,A
2019-01-02,93900,A
2019-01-03,79300,A
2019-01-04,69000,A
2019-01-05,58500,A
2019-01-06,60800,A
2019-01-07,65300,A
2019-01-08,65200,A
2019-01-09,57200,A
2019-01-10,56400,A
2019-01-11,56100,A
2019-01-12,56000,A
2019-01-13,56600,A
2019-01-14,53100,A
2019-01-15,50000,A
2019-01-16,49300,A
2019-01-17,50000,A
2019-01-18,52200,A
2019-01-19,63300,A
2019-01-20,82500,A
2019-01-21,85400,A
2019-01-22,72600,A
2019-01-23,59500,A
2019-01-24,69000,A
2019-01-25,63400,A
2019-01-26,62600,A
2019-01-27,62500,A
2019-01-28,60000,A
2019-01-29,56300,A
2019-01-30,55900,A
2019-01-31,55300,A
2019-02-01,55500,A
2019-02-02,55000,A
2019-02-03,54900,A
2019-02-04,53800,A
2019-02-05,48100,A
2019-02-06,51700,A
2019-02-07,97000,A
2019-02-08,102000,A
2019-02-09,86900,A
2019-02-10,66100,A
2019-02-11,57500,A
2019-02-12,65200,A
2019-02-13,66600,A
2019-02-14,65900,A
2019-02-15,66400,A
2019-02-16,67100,A
2019-02-17,71300,A
2019-02-18,92600,A
2019-02-19,95900,A
2019-02-20,99400,A
2019-02-21,105000,A
2019-02-22,104000,A
2019-02-23,111000,A
2019-02-24,115000,A
2019-02-25,110000,A
2019-02-26,112000,A
2019-02-27,116000,A
2019-02-28,119000,A
2019-03-01,121000,A
2019-03-02,121000,A
2019-03-03,120000,A
2019-03-04,120000,A
2019-03-05,118000,A
2019-03-06,116000,A
2019-03-07,115000,A
2019-03-08,112000,A
2019-03-09,106000,A
2019-03-10,113000,A
2019-03-11,118000,A
2019-03-12,121000,A
2019-03-13,120000,A
2019-03-14,114000,A
2019-03-15,97200,A
2019-03-16,88400,A
2019-03-17,86200,A
2019-03-18,86100,A
2019-03-19,83300,A
2019-03-20,77100,A
2019-03-21,70000,A
2019-03-22,68800,A
2019-03-23,64500,A
2019-03-24,60200,A
2019-03-25,56700,A
2019-03-26,52800,A
2019-03-27,51900,A
2019-03-28,51700,A
2019-03-29,47500,A
2019-03-30,42100,A
2019-03-31,41700,A
2019-04-01,38100,A
2019-04-02,33400,A
2019-04-03,32900,A
2019-04-04,32800,A
2019-04-05,33400,A
2019-04-06,32800,A
2019-04-07,33500,A
2019-04-08,39500,A
2019-04-09,44700,A
2019-04-10,40800,A
2019-04-11,37500,A
2019-04-12,37900,A
2019-04-13,38600,A
2019-04-14,45700,A
2019-04-15,53900,A
2019-04-16,46500,A
2019-04-17,41900,A
2019-04-18,42000,A
2019-04-19,47400,A
2019-04-20,42700,A
2019-04-21,39800,A
2019-04-22,39600,A
2019-04-23,40200,A
2019-04-24,40300,A
2019-04-25,36800,A
2019-04-26,31100,A
2019-04-27,25900,A
2019-04-28,25200,A
2019-04-29,25300,A
2019-04-30,23900,A
2019-05-01,17600,A
2019-05-02,18400,A
2019-05-03,21100,A
2019-05-04,20500,A
2019-05-05,19700,A
2019-05-06,19600,A
2019-05-07,21000,A
2019-05-08,23000,A
2019-05-09,22100,A
2019-05-10,21600,A
2019-05-11,19600,A
2019-05-12,16400,A
2019-05-13,18100,A
2019-05-14,17400,A
2019-05-15,17600,A
2019-05-16,17300,A
2019-05-17,13600,A
2019-05-18,11100,A
2019-05-19,11600,A
2019-05-20,12700,A
2019-05-21,11500,A
2019-05-22,10800,A
2019-05-23,10700,A
2019-05-24,9180,A
2019-05-25,9440,A
2019-05-26,8730,A
2019-05-27,8560,A
2019-05-28,8170,A
2019-05-29,8530,A
2019-05-30,8050,A
2019-05-31,8460,A
2019-06-01,8860,A
2019-06-02,8550,A
2019-06-03,8980,A
2019-06-04,9740,A
2019-06-05,10000,A
2019-06-06,11200,A
2019-06-07,15000,A
2019-06-08,25200,A
2019-06-09,25800,A
2019-06-10,16600,A
2019-06-11,14600,A
2019-06-12,13700,A
2019-06-13,14200,A
2019-06-14,13100,A
2019-06-15,12800,A
2019-06-16,13100,A
2019-06-17,12900,A
2019-06-18,9770,A
2019-06-19,16700,A
2019-06-20,26700,A
2019-06-21,39100,A
2019-06-22,40500,A
2019-06-23,38200,A
2019-06-24,31100,A
2019-06-25,35600,A
2019-06-26,35600,A
2019-06-27,28400,A
2019-06-28,28800,A
2019-06-29,28500,A
2019-06-30,28700,A
2019-07-01,27400,A
2019-07-02,26200,A
2019-07-03,25200,A
2019-07-04,26200,A
2019-07-05,25400,A
2019-07-06,23800,A
2019-07-07,24200,A
2019-07-08,23500,A
2019-07-09,22800,A
2019-07-10,22500,A
2019-07-11,22000,A
2019-07-12,21300,A
2019-07-13,25000,A
2019-07-14,25100,A
2019-07-15,23900,A
2019-07-16,26700,A
2019-07-17,30300,A
2019-07-18,26000,A
2019-07-19,22300,A
2019-07-20,18600,A
2019-07-21,21600,A
2019-07-22,32800,A
2019-07-23,42200,A
2019-07-24,47000,A
2019-07-25,47400,A
2019-07-26,37100,A
2019-07-27,20800,A
2019-07-28,28300,A
2019-07-29,29300,A
2019-07-30,28100,A
2019-07-31,24300,A
2019-08-01,23400,A
2019-08-02,16000,A
2019-08-03,15600,A
2019-08-04,15700,A
2019-08-05,16500,A
2019-08-06,16600,A
2019-08-07,16600,A
2019-08-08,16500,A
2019-08-09,15700,A
2019-08-10,15000,A
2019-08-11,15500,A
2019-08-12,15400,A
2019-08-13,14200,A
2019-08-14,14500,A
2019-08-15,16000,A
2019-08-16,15600,A
2019-08-17,13400,A
2019-08-18,13400,A
2019-08-19,13500,A
2019-08-20,13300,A
2019-08-21,13300,A
2019-08-22,13000,A
2019-08-23,12600,A
2019-08-24,13300,A
2019-08-25,12800,A
2019-08-26,15300,A
2019-08-27,15000,A
2019-08-28,13300,A
2019-08-29,13100,A
2019-08-30,12600,A
2019-08-31,12400,A
2019-09-01,13700,A
2019-09-02,12000,A
2019-09-03,11400,A
2019-09-04,10900,A
2019-09-05,8090,A
2019-09-06,9320,A
2019-09-07,8180,A
2019-09-08,9010,A
2019-09-09,9030,A
2019-09-10,10900,A
2019-09-11,10900,A
2019-09-12,8710,A
2019-09-13,10900,A
2019-09-14,10700,A
2019-09-15,10500,A
2019-09-16,9350,A
2019-09-17,9180,A
2019-09-18,8890,A
2019-09-19,9000,A
2019-09-20,9260,A
2019-09-21,6190,A
2019-09-22,6090,A
2019-09-23,6160,A
2019-09-24,6280,A
2019-09-25,5980,A
2019-09-26,6260,A
2019-09-27,6130,A
2019-09-28,5930,A
2019-09-29,5930,A
2019-09-30,5860,A
2019-10-01,5750,A
2019-10-02,4980,A
2019-10-03,4950,A
2019-10-04,5320,A
2019-10-05,6300,A
2019-10-06,6150,A
2019-10-07,7630,A
2019-10-08,7100,A
2019-10-09,5870,A
2019-10-10,5790,A
2019-10-11,6020,A
2019-10-12,6360,A
2019-10-13,5950,A
2019-10-14,6190,A
2019-10-15,6310,A
2019-10-16,6440,A
2019-10-17,6170,A
2019-10-18,6070,A
2019-10-19,5070,A
2019-10-20,5430,A
2019-10-21,5240,A
2019-10-22,5720,A
2019-10-23,6190,A
2019-10-24,6140,A
2019-10-25,6490,A
2019-10-26,7870,A
2019-10-27,6790,A
2019-10-28,8080,A
2019-10-29,8270,A
2019-10-30,10900,A
2019-10-31,9410,A
2019-11-01,11900,A
2019-11-02,10500,A
2019-11-03,8950,A
2019-11-04,10100,A
2019-11-05,9680,A
2019-11-06,9490,A
2019-11-07,9270,A
2019-11-08,9920,A
2019-11-09,8170,A
2019-11-10,8040,A
2019-11-11,7950,A
2019-11-12,8950,A
2019-11-13,11700,A
2019-11-14,12000,A
2019-11-15,12300,A
2019-11-16,10300,A
2019-11-17,9330,A
2019-11-18,12100,A
2019-11-19,12200,A
2019-11-20,14200,A
2019-11-21,14700,A
2019-11-22,16200,A
2019-11-23,17300,A
2019-11-24,13100,A
2019-11-25,16800,A
2019-11-26,19000,A
2019-11-27,32900,A
2019-11-28,43400,A
2019-11-29,35700,A
2019-11-30,28600,A
2019-12-01,37700,A
2019-12-02,53700,A
2019-12-03,51400,A
2019-12-04,45300,A
2019-12-05,44100,A
2019-12-06,42700,A
2019-12-07,37200,A
2019-12-08,35600,A
2019-12-09,35700,A
2019-12-10,37000,A
2019-12-11,38900,A
2019-12-12,40400,A
2019-12-13,37700,A
2019-12-14,32200,A
2019-12-15,31800,A
2019-12-16,36300,A
2019-12-17,54400,A
2019-12-18,54000,A
2019-12-19,45800,A
2019-12-20,42800,A
2019-12-21,37100,A
2019-12-22,40400,A
2019-12-23,40700,A
2019-12-24,40900,A
2019-12-25,40100,A
2019-12-26,44100,A
2019-12-27,46400,A
2019-12-28,39800,A
2019-12-29,42200,A
2019-12-30,76300,A
2019-12-31,77800,A
2020-01-01,69900,A
2020-01-02,72700,A
2020-01-03,76500,A
2020-01-04,66400,A
2020-01-05,64600,A
2020-01-06,63400,A
2020-01-07,61500,A
2020-01-08,58900,A
2020-01-09,57400,A
2020-01-10,58100,A
2020-01-11,56400,A
2020-01-12,61700,A
2020-01-13,67300,A
2020-01-14,68700,A
2020-01-15,68800,A
2020-01-16,69000,A
2020-01-17,67300,A
2020-01-18,67700,A
2020-01-19,67400,A
2020-01-20,59300,A
2020-01-21,51400,A
2020-01-22,49800,A
2020-01-23,49000,A
2020-01-24,54700,A
2020-01-25,59000,A
2020-01-26,57800,A
2020-01-27,55900,A
2020-01-28,41600,A
2020-01-29,46500,A
2020-01-30,45600,A
2020-01-31,41300,A
2020-02-01,37000,A
2020-02-02,35100,A
2020-02-03,41600,A
2020-02-04,48000,A
2020-02-05,58400,A
2020-02-06,80300,A
2020-02-07,92400,A
2020-02-08,86600,A
2020-02-09,76300,A
2020-02-10,88400,A
2020-02-11,97600,A
2020-02-12,98000,A
2020-02-13,98300,A
2020-02-14,98800,A
2020-02-15,96400,A
2020-02-16,85900,A
2020-02-17,85900,A
2020-02-18,88900,A
2020-02-19,87300,A
2020-02-20,82200,A
2020-02-21,77400,A
2020-02-22,70500,A
2020-02-23,69200,A
2020-02-24,68700,A
2020-02-25,66400,A
2020-02-26,63100,A
2020-02-27,63400,A
2020-02-28,63600,A
2020-02-29,63900,A
2020-03-01,63200,A
2020-03-02,63600,A
2020-03-03,69300,A
2020-03-04,80200,A
2020-03-05,81400,A
2020-03-06,66600,A
2020-03-07,65500,A
2020-03-08,65100,A
2020-03-09,63000,A
2020-03-10,59000,A
2020-03-11,57100,A
2020-03-12,56100,A
2020-03-13,53500,A
2020-03-14,49200,A
2020-03-15,48400,A
2020-03-16,51500,A
2020-03-17,57000,A
2020-03-18,63400,A
2020-03-19,67100,A
2020-03-20,70600,A
2020-03-21,73800,A
2020-03-22,75700,A
2020-03-23,77900,A
2020-03-24,72100,A
2020-03-25,82000,A
2020-03-26,84400,A
2020-03-27,81200,A
2020-03-28,69000,A
2020-03-29,62200,A
2020-03-30,62700,A
2020-03-31,67900,A
2020-04-01,70800,A
2020-04-02,68600,A
2020-04-03,64600,A
2020-04-04,58600,A
2020-04-05,57000,A
2020-04-06,54900,A
2020-04-07,50700,A
2020-04-08,49600,A
2020-04-09,49900,A
2020-04-10,50000,A
2020-04-11,49200,A
2020-04-12,53600,A
2020-04-13,75000,A
2020-04-14,75900,A
2020-04-15,69400,A
2020-04-16,57100,A
2020-04-17,56600,A
2020-04-18,54500,A
2020-04-19,53700,A
2020-04-20,51400,A
2020-04-21,47000,A
2020-04-22,45600,A
2020-04-23,45700,A
2020-04-24,43500,A
2020-04-25,37200,A
2020-04-26,36400,A
2020-04-27,42400,A
2020-04-28,46000,A
2020-04-29,46700,A
2020-04-30,46500,A
2020-05-01,44800,A
2020-05-02,40500,A
2020-05-03,40700,A
2020-05-04,40900,A
2020-05-05,41300,A
2020-05-06,40900,A
2020-05-07,42300,A
2020-05-08,41900,A
2020-05-09,41500,A
2020-05-10,40800,A
2020-05-11,41000,A
2020-05-12,41300,A
2020-05-13,37800,A
2020-05-14,32000,A
2020-05-15,30100,A
2020-05-16,29700,A
2020-05-17,24300,A
2020-05-18,20900,A
2020-05-19,18800,A
2020-05-20,24300,A
2020-05-21,24000,A
2020-05-22,29200,A
2020-05-23,37200,A
2020-05-24,37200,A
2020-05-25,35300,A
2020-05-26,32400,A
2020-05-27,32000,A
2020-05-28,40100,A
2020-05-29,55400,A
2020-05-30,50100,A
2020-05-31,39600,A
2020-06-01,32900,A
2020-06-02,29800,A
2020-06-03,28500,A
2020-06-04,28400,A
2020-06-05,31900,A
2020-06-06,34700,A
2020-06-07,29100,A
2020-06-08,24300,A
2020-06-09,21700,A
2020-06-10,17500,A
2020-06-11,16200,A
2020-06-12,13400,A
2020-06-13,10600,A
2020-06-14,9250,A
2020-06-15,10600,A
2020-06-16,11200,A
2020-06-17,11600,A
2020-06-18,11800,A
2020-06-19,11800,A
2020-06-20,7190,A
2020-06-21,6320,A
2020-06-22,10400,A
2020-06-23,13400,A
2020-06-24,10400,A
2020-06-25,10400,A
2020-06-26,9760,A
2020-06-27,6690,A
2020-06-28,9250,A
2020-06-29,14800,A
2020-06-30,16500,A
2020-07-01,18000,A
2020-07-02,16500,A
2020-07-03,13000,A
2020-07-04,8930,A
2020-07-05,8790,A
2020-07-06,12200,A
2020-07-07,14700,A
2020-07-08,14600,A
2020-07-09,12000,A
2020-07-10,11800,A
2020-07-11,10900,A
2020-07-12,10000,A
2020-07-13,14700,A
2020-07-14,14200,A
2020-07-15,14300,A
2020-07-16,13500,A
2020-07-17,11800,A
2020-07-18,11000,A
2020-07-19,13500,A
2020-07-20,14200,A
2020-07-21,14400,A
2020-07-22,14800,A
2020-07-23,15100,A
2020-07-24,16000,A
2020-07-25,11900,A
2020-07-26,13300,A
2020-07-27,14500,A
2020-07-28,14900,A
2020-07-29,15300,A
2020-07-30,15200,A
2020-07-31,15800,A
2020-08-01,22600,A
2020-08-02,25100,A
2020-08-03,18700,A
2020-08-04,17500,A
2020-08-05,15000,A
2020-08-06,7130,A
2020-08-07,9430,A
2020-08-08,12300,A
2020-08-09,10000,A
2020-08-10,10300,A
2020-08-11,11300,A
2020-08-12,11100,A
2020-08-13,10700,A
2020-08-14,11300,A
2020-08-15,11000,A
2020-08-16,9730,A
2020-08-17,10900,A
2020-08-18,10400,A
2020-08-19,10800,A
2020-08-20,10700,A
2020-08-21,11500,A
2020-08-22,10800,A
2020-08-23,14800,A
2020-08-24,13300,A
2020-08-25,13700,A
2020-08-26,13000,A
2020-08-27,13200,A
2020-08-28,14500,A
2020-08-29,15600,A
2020-08-30,16300,A
2020-08-31,19700,A
2020-09-01,25800,A
2020-09-02,19700,A
2020-09-03,15300,A
2020-09-04,15200,A
2020-09-05,12600,A
2020-09-06,11100,A
2020-09-07,12300,A
2020-09-08,11900,A
2020-09-09,10900,A
2020-09-10,10200,A
2020-09-11,10400,A
2020-09-12,7520,A
2020-09-13,25400,A
2020-09-14,57900,A
2020-09-15,37500,A
2020-09-16,17000,A
2020-09-17,18600,A
2020-09-18,15700,A
2020-09-19,10400,A
2020-09-20,12800,A
2020-09-21,11400,A
2020-09-22,9790,A
2020-09-23,9930,A
2020-09-24,13800,A
2020-09-25,13500,A
2020-09-26,13800,A
2020-09-27,13500,A
2020-09-28,13500,A
2020-09-29,14600,A
2020-09-30,12700,A
2020-10-01,11900,A
2020-10-02,11600,A
2020-10-03,8480,A
2020-10-04,7910,A
2020-10-05,11200,A
2020-10-06,12100,A
2020-10-07,14900,A
2020-10-08,15200,A
2020-10-09,16200,A
2020-10-10,13500,A
2020-10-11,14100,A
2020-10-12,10600,A
2020-10-13,9410,A
2020-10-14,8310,A
2020-10-15,8770,A
2020-10-16,7930,A
2020-10-17,7660,A
2020-10-18,8200,A
2020-10-19,13800,A
2020-10-20,13400,A
2020-10-21,13800,A
2020-10-22,13800,A
2020-10-23,13600,A
2020-10-24,9710,A
2020-10-25,10700,A
2020-10-26,16700,A
2020-10-27,17000,A
2020-10-28,18400,A
2020-10-29,18200,A
2020-10-30,15300,A
2020-10-31,13500,A
2020-11-01,13800,A
2020-11-02,15500,A
2020-11-03,14400,A
2020-11-04,12700,A
2020-11-05,12600,A
2020-11-06,12300,A
2020-11-07,12800,A
2020-11-08,11100,A
2020-11-09,13900,A
2020-11-10,17700,A
2020-11-11,18400,A
2020-11-12,19800,A
2020-11-13,20000,A
2020-11-14,15800,A
2020-11-15,17300,A
2020-11-16,22600,A
2020-11-17,16000,A
2020-11-18,12800,A
2020-11-19,14200,A
2020-11-20,16800,A
2020-11-21,16600,A
2020-11-22,16500,A
2020-11-23,16500,A
2020-11-24,16200,A
2020-11-25,13600,A
2020-11-26,11700,A
2020-11-27,11500,A
2020-11-28,9960,A
2020-11-29,10800,A
2020-11-30,12300,A
2020-12-01,15300,A
2020-12-02,15000,A
2020-12-03,15100,A
2020-12-04,16800,A
2020-12-05,21600,A
2020-12-06,21100,A
2020-12-07,19300,A
2020-12-08,21000,A
2020-12-09,18400,A
2020-12-10,18000,A
2020-12-11,19600,A
2020-12-12,13700,A
2020-12-13,13500,A
2020-12-14,23900,A
2020-12-15,32900,A
2020-12-16,36100,A
2020-12-17,36900,A
2020-12-18,36800,A
2020-12-19,32100,A
2020-12-20,31700,A
2020-12-21,31900,A
2020-12-22,32900,A
2020-12-23,32700,A
2020-12-24,32900,A
2020-12-25,33800,A
2020-12-26,30700,A
2020-12-27,30600,A
2020-12-28,35300,A
2020-12-29,36800,A
2020-12-30,35200,A
2020-12-31,32800,A
2021-01-01,29900,A
2021-01-02,30000,A
2021-01-03,24900,A
2021-01-04,23900,A
2021-01-05,25300,A
2021-01-06,25000,A
2021-01-07,22800,A
2021-01-08,23100,A
2021-01-09,16400,A
2021-01-10,8450,A
2021-01-11,9120,A
2021-01-12,9310,A
2021-01-13,9140,A
2021-01-14,8570,A
2021-01-15,8730,A
2021-01-16,6290,A
2021-01-17,6050,A
2021-01-18,9330,A
2021-01-19,11800,A
2021-01-20,10300,A
2021-01-21,11700,A
2021-01-22,11600,A
2021-01-23,6320,A
2021-01-24,5920,A
2021-01-25,8610,A
2021-01-26,23800,A
2021-01-27,27400,A
2021-01-28,28500,A
2021-01-29,27600,A
2021-01-30,18100,A
2021-01-31,11600,A
2021-02-01,16900,A
2021-02-02,14600,A
2021-02-03,14600,A
2021-02-04,14300,A
2021-02-05,12500,A
2021-02-06,10400,A
2021-02-07,8440,A
2021-02-08,10700,A
2021-02-09,12300,A
2021-02-10,14800,A
2021-02-11,16500,A
2021-02-12,19100,A
2021-02-13,16500,A
2021-02-14,16000,A
2021-02-15,16500,A
2021-02-16,19900,A
2021-02-17,22900,A
2021-02-18,22300,A
2021-02-19,22800,A
2021-02-20,20900,A
2021-02-21,21100,A
2021-02-22,23800,A
2021-02-23,27900,A
2021-02-24,34900,A
2021-02-25,41000,A
2021-02-26,44100,A
2021-02-27,60300,A
2021-02-28,85500,A
2021-03-01,90800,A
2021-03-02,88000,A
2021-03-03,69900,A
2021-03-04,59900,A
2021-03-05,52100,A
2021-03-06,48500,A
2021-03-07,48200,A
2021-03-08,49300,A
2021-03-09,53200,A
2021-03-10,53400,A
2021-03-11,52000,A
2021-03-12,46000,A
2021-03-13,35400,A
2021-03-14,33800,A
2021-03-15,32300,A
2021-03-16,36100,A
2021-03-17,38900,A
2021-03-18,46100,A
2021-03-19,48900,A
2021-03-20,44500,A
2021-03-21,43700,A
2021-03-22,44100,A
2021-03-23,43200,A
2021-03-24,42100,A
2021-03-25,43100,A
2021-03-26,49500,A
2021-03-27,59600,A
2021-03-28,115000,A
2021-03-29,123000,A
2021-03-30,107000,A
2021-03-31,91000,A
2021-04-01,88900,A
2021-04-02,82400,A
2021-04-03,79800,A
2021-04-04,79200,A
2021-04-05,76900,A
2021-04-06,71600,A
2021-04-07,66900,A
2021-04-08,68500,A
2021-04-09,66800,A
2021-04-10,61500,A
2021-04-11,61300,A
2021-04-12,55700,A
2021-04-13,48200,A
2021-04-14,47600,A
2021-04-15,47000,A
2021-04-16,46500,A
2021-04-17,44700,A
2021-04-18,43600,A
2021-04-19,42500,A
2021-04-20,35500,A
2021-04-21,24600,A
2021-04-22,22600,A
2021-04-23,22500,A
2021-04-24,22700,A
2021-04-25,22100,A
2021-04-26,20500,A
2021-04-27,19000,A
2021-04-28,13800,A
2021-04-29,21100,A
2021-04-30,22800,A
2021-05-01,16700,A
2021-05-02,13800,A
2021-05-03,24300,A
2021-05-04,29800,A
2021-05-05,50800,A
2021-05-06,54200,A
2021-05-07,48300,A
2021-05-08,33700,A
2021-05-09,32500,A
2021-05-10,33500,A
2021-05-11,32800,A
2021-05-12,29400,A
2021-05-13,29900,A
2021-05-14,24800,A
2021-05-15,9860,A
2021-05-16,6680,A
2021-05-17,11600,A
2021-05-18,14900,A
2021-05-19,15200,A
2021-05-20,15900,A
2021-05-21,15900,A
2021-05-22,14500,A
2021-05-23,9390,A
2021-05-24,13500,A
2021-05-25,14800,A
2021-05-26,14900,A
2021-05-27,14100,A
2021-05-28,15000,A
2021-05-29,10400,A
2021-05-30,7950,A
2021-05-31,8240,A
2021-06-01,11300,A
2021-06-02,15700,A
2021-06-03,16600,A
2021-06-04,15100,A
2021-06-05,15100,A
2021-06-06,14500,A
2021-06-07,13600,A
2021-06-08,14200,A
2021-06-09,15400,A
2021-06-10,15000,A
2021-06-11,16600,A
2021-06-12,19400,A
2021-06-13,21900,A
2021-06-14,16300,A
2021-06-15,15200,A
2021-06-16,14700,A
2021-06-17,14700,A
2021-06-18,13800,A
2021-06-19,13400,A
2021-06-20,14600,A
2021-06-21,15400,A
2021-06-22,15800,A
2021-06-23,9650,A
2021-06-24,8340,A
2021-06-25,8380,A
2021-06-26,6250,A
2021-06-27,6480,A
2021-06-28,12500,A
2021-06-29,13600,A
2021-06-30,13900,A
2021-07-01,14000,A
2021-07-02,12400,A
2021-07-03,7340,A
2021-07-04,6920,A
2021-07-05,6600,A
2021-07-06,10400,A
2021-07-07,13200,A
2021-07-08,14500,A
2021-07-09,15400,A
2021-07-10,8610,A
2021-07-11,9870,A
2021-07-12,16900,A
2021-07-13,16000,A
2021-07-14,18900,A
2021-07-15,16300,A
2021-07-16,14400,A
2021-07-17,9820,A
2021-07-18,13900,A
2021-07-19,14800,A
2021-07-20,17800,A
2021-07-21,18900,A
2021-07-22,18600,A
2021-07-23,18500,A
2021-07-24,14200,A
2021-07-25,11600,A
2021-07-26,15800,A
2021-07-27,18500,A
2021-07-28,19000,A
2021-07-29,21000,A
2021-07-30,20600,A
2021-07-31,15300,A
2021-08-01,17500,A
2021-08-02,17400,A
2021-08-03,14500,A
2021-08-04,13800,A
2021-08-05,14800,A
2021-08-06,18500,A
2021-08-07,15800,A
2021-08-08,9860,A
2021-08-09,14700,A
2021-08-10,14900,A
2021-08-11,15600,A
2021-08-12,15700,A
2021-08-13,15800,A
2021-08-14,12300,A
2021-08-15,12300,A
2021-08-16,17700,A
2021-08-17,17000,A
2021-08-18,15700,A
2021-08-19,15600,A
2021-08-20,17200,A
2021-08-21,15600,A
2021-08-22,15400,A
2021-08-23,16300,A
2021-08-24,19500,A
2021-08-25,16600,A
2021-08-26,18500,A
2021-08-27,21600,A
2021-08-28,20100,A
2021-08-29,18700,A
2021-08-30,17100,A
2021-08-31,20100,A
2021-09-01,23700,A
2021-09-02,16500,A
2021-09-03,15300,A
2021-09-04,11900,A
2021-09-05,11700,A
2021-09-06,11200,A
2021-09-07,13500,A
2021-09-08,13800,A
2021-09-09,14800,A
2021-09-10,15100,A
2021-09-11,12000,A
2021-09-12,10300,A
2021-09-13,13000,A
2021-09-14,13900,A
2021-09-15,14500,A
2021-09-16,13300,A
2021-09-17,15500,A
2021-09-18,15400,A
2021-09-19,26600,A
2021-09-20,31600,A
2021-09-21,40300,A
2021-09-22,45700,A
2021-09-23,44000,A
2021-09-24,41900,A
2021-09-25,30500,A
2021-09-26,20700,A
2021-09-27,29600,A
2021-09-28,31800,A
2021-09-29,31300,A
2021-09-30,25800,A
2021-10-01,19300,A
2021-10-02,19000,A
2021-10-03,15200,A
2021-10-04,15000,A
2021-10-05,20400,A
2021-10-06,20100,A
2021-10-07,33100,A
2021-10-08,54200,A
2021-10-09,49400,A
2021-10-10,48100,A
2021-10-11,34100,A
2021-10-12,30900,A
2021-10-13,37500,A
2021-10-14,36200,A
2021-10-15,29200,A
2021-10-16,29500,A
2021-10-17,28300,A
2021-10-18,31100,A
2021-10-19,34600,A
2021-10-20,30900,A
2021-10-21,27200,A
2021-10-22,27500,A
2021-10-23,26700,A
2021-10-24,24800,A
2021-10-25,21200,A
2021-10-26,22200,A
2021-10-27,21000,A
2021-10-28,21700,A
2021-10-29,22900,A
2021-10-30,20300,A
2021-10-31,14100,A
2021-11-01,15800,A
2021-11-02,16000,A
2021-11-03,14800,A
2021-11-04,16400,A
2021-11-05,17400,A
2021-11-06,13900,A
2021-11-07,13000,A
2021-11-08,13100,A
2021-11-09,15400,A
2021-11-10,16200,A
2021-11-11,14600,A
2021-11-12,12900,A
2021-11-13,11200,A
2021-11-14,11100,A
2021-11-15,12800,A
2021-11-16,14500,A
2021-11-17,13500,A
2021-11-18,14600,A
2021-11-19,16200,A
2021-11-20,14300,A
2021-11-21,13400,A
2021-11-22,13400,A
2021-11-23,15100,A
2021-11-24,16500,A
2021-11-25,15400,A
2021-11-26,18200,A
2021-11-27,16800,A
2021-11-28,15200,A
2021-11-29,16500,A
2021-11-30,15300,A
2021-12-01,13700,A
2021-12-02,14600,A
2021-12-03,13800,A
2021-12-04,14200,A
2021-12-05,12400,A
2021-12-06,13700,A
2021-12-07,15900,A
2021-12-08,18600,A
2021-12-09,18800,A
2021-12-10,20100,A
2021-12-11,15400,A
2021-12-12,23300,A
2021-12-13,37600,A
2021-12-14,39200,A
2021-12-15,35600,A
2021-12-16,31500,A
2021-12-17,30200,A
2021-12-18,31800,A
2021-12-19,35700,A
2021-12-20,35100,A
2021-12-21,37600,A
2021-12-22,37400,A
2021-12-23,35700,A
2021-12-24,33000,A
2021-12-25,29100,A
2021-12-26,23800,A
2021-12-27,17000,A
2021-12-28,20500,A
2021-12-29,25400,A
2021-12-30,30600,A
2021-12-31,37500,A
2022-01-01,37100,A
2022-01-02,34500,A
2022-01-03,42500,A
2022-01-04,55600,A
2022-01-05,64300,A
2022-01-06,65100,A
2022-01-07,57000,A
2022-01-08,53400,A
2022-01-09,58200,A
2022-01-10,68500,A
2022-01-11,68300,A
2022-01-12,60600,A
2022-01-13,56800,A
2022-01-14,56000,A
2022-01-15,55200,A
2022-01-16,57800,A
2022-01-17,60800,A
2022-01-18,67300,A
2022-01-19,62300,A
2022-01-20,64800,A
2022-01-21,65200,A
2022-01-22,67700,A
2022-01-23,67100,A
2022-01-24,58400,A
2022-01-25,48300,A
2022-01-26,47400,A
2022-01-27,47500,A
2022-01-28,46800,A
2022-01-29,44900,A
2022-01-30,44600,A
2022-01-31,42900,A
2022-02-01,39800,A
2022-02-02,44000,A
2022-02-03,56400,A
2022-02-04,61000,A
2022-02-05,58600,A
2022-02-06,57600,A
2022-02-07,48200,A
2022-02-08,41700,A
2022-02-09,43300,A
2022-02-10,38700,A
2022-02-11,32100,A
2022-02-12,23600,A
2022-02-13,22800,A
2022-02-14,22300,A
2022-02-15,25400,A
2022-02-16,27900,A
2022-02-17,31500,A
2022-02-18,53300,A
2022-02-19,61900,A
2022-02-20,61000,A
2022-02-21,53800,A
2022-02-22,48600,A
2022-02-23,82200,A
2022-02-24,91600,A
2022-02-25,91100,A
2022-02-26,87000,A
2022-02-27,77400,A
2022-02-28,71700,A
2022-03-01,68600,A
2022-03-02,68300,A
2022-03-03,67700,A
2022-03-04,62100,A
2022-03-05,48600,A
2022-03-06,45300,A
2022-03-07,47500,A
2022-03-08,47200,A
2022-03-09,49700,A
2022-03-10,50100,A
2022-03-11,52200,A
2022-03-12,55200,A
2022-03-13,54300,A
2022-03-14,54100,A
2022-03-15,48500,A
2022-03-16,40100,A
2022-03-17,38100,A
2022-03-18,39400,A
2022-03-19,46200,A
2022-03-20,47500,A
2022-03-21,41700,A
2022-03-22,35700,A
2022-03-23,39000,A
2022-03-24,31000,A
2022-03-25,30700,A
2022-03-26,25100,A
2022-03-27,17500,A
2022-03-28,17500,A
2022-03-29,17000,A
2022-03-30,17900,A
2022-03-31,24200,A
2022-04-01,20800,A
2022-04-02,13300,A
2022-04-03,13900,A
2022-04-04,16700,A
2022-04-05,14200,A
2022-04-06,14100,A
2022-04-07,13500,A
2022-04-08,13700,A
2022-04-09,9130,A
2022-04-10,8970,A
2022-04-11,17300,A
2022-04-12,30500,A
2022-04-13,48500,A
2022-04-14,47900,A
2022-04-15,41100,A
2022-04-16,28600,A
2022-04-17,20900,A
2022-04-18,23500,A
2022-04-19,29300,A
2022-04-20,29700,A
2022-04-21,27700,A
2022-04-22,25300,A
2022-04-23,20400,A
2022-04-24,13300,A
2022-04-25,13900,A
2022-04-26,13900,A
2022-04-27,15400,A
2022-04-28,13800,A
2022-04-29,13500,A
2022-04-30,8000,A
2022-05-01,6890,A
2022-05-02,12200,A
2022-05-03,12500,A
2022-05-04,12500,A
2022-05-05,12900,A
2022-05-06,13300,A
2022-05-07,10800,A
2022-05-08,17400,A
2022-05-09,16000,A
2022-05-10,15500,A
2022-05-11,13900,A
2022-05-12,13800,A
2022-05-13,13100,A
2022-05-14,8520,A
2022-05-15,11000,A
2022-05-16,10800,A
2022-05-17,10500,A
2022-05-18,11900,A
2022-05-19,10200,A
2022-05-20,8380,A
2022-05-21,6920,A
2022-05-22,6870,A
2022-05-23,8190,A
2022-05-24,10300,A
2022-05-25,13300,A
2022-05-26,9910,A
2022-05-27,9820,A
2022-05-28,14400,A
2022-05-29,10100,A
2022-05-30,7880,A
2022-05-31,7610,A
2022-06-01,11900,A
2022-06-02,11200,A
2022-06-03,11300,A
2022-06-04,8030,A
2022-06-05,7760,A
2022-06-06,13900,A
2022-06-07,15200,A
2022-06-08,25300,A
2022-06-09,37500,A
2022-06-10,17500,A
2022-06-11,15300,A
2022-06-12,15000,A
2022-06-13,12500,A
2022-06-14,11600,A
2022-06-15,12000,A
2022-06-16,12900,A
2022-06-17,11300,A
2022-06-18,6720,A
2022-06-19,5840,A
2022-06-20,10700,A
2022-06-21,12800,A
2022-06-22,12900,A
2022-06-23,12100,A
2022-06-24,11300,A
2022-06-25,8980,A
2022-06-26,6530,A
2022-06-27,9370,A
2022-06-28,9880,A
2022-06-29,9600,A
2022-06-30,10300,A
2022-07-01,10700,A
2022-07-02,7990,A
2022-07-03,7650,A
2022-07-04,7690,A
2022-07-05,10400,A
2022-07-06,11000,A
2022-07-07,11200,A
2022-07-08,11300,A
2022-07-09,13800,A
2022-07-10,13900,A
2022-07-11,13600,A
2022-07-12,9840,A
2022-07-13,14900,A
2022-07-14,14300,A
2022-07-15,13900,A
2022-07-16,11300,A
2022-07-17,11300,A
2022-07-18,11000,A
2022-07-19,11800,A
2022-07-20,13000,A
2022-07-21,21000,A
2022-07-22,26700,A
2022-07-23,24200,A
2022-07-24,13500,A
2022-07-25,15700,A
2022-07-26,11000,A
2022-07-27,12700,A
2022-07-28,19400,A
2022-07-29,21600,A
2022-07-30,21000,A
2022-07-31,18400,A
2022-08-01,11100,A
2022-08-02,13500,A
2022-08-03,17500,A
2022-08-04,19000,A
2022-08-05,18100,A
2022-08-06,13500,A
2022-08-07,11400,A
2022-08-08,16400,A
2022-08-09,19800,A
2022-08-10,20700,A
2022-08-11,22700,A
2022-08-12,23900,A
2022-08-13,23600,A
2022-08-14,23600,A
2022-08-15,18500,A
2022-08-16,17100,A
2022-08-17,19300,A
2022-08-18,20600,A
2022-08-19,21200,A
2022-08-20,22300,A
2022-08-21,23000,A
2022-08-22,24200,A
2022-08-23,23200,A
2022-08-24,21900,A
2022-08-25,22000,A
2022-08-26,21600,A
2022-08-27,18900,A
2022-08-28,14100,A
2022-08-29,14100,A
2022-08-30,14000,A
2022-08-31,14300,A
2022-09-01,14400,A
2022-09-02,14000,A
2022-09-03,12600,A
2022-09-04,13900,A
2022-09-05,13000,A
2022-09-06,14900,A
2022-09-07,18600,A
2022-09-08,19400,A
2022-09-09,19700,A
2022-09-10,13200,A
2022-09-11,9660,A
2022-09-12,10400,A
2022-09-13,14700,A
2022-09-14,19100,A
2022-09-15,18800,A
2022-09-16,18000,A
2022-09-17,10600,A
2022-09-18,8970,A
2022-09-19,15000,A
2022-09-20,15100,A
2022-09-21,15200,A
2022-09-22,14700,A
2022-09-23,13700,A
2022-09-24,9520,A
2022-09-25,8970,A
2022-09-26,11800,A
2022-09-27,12100,A
2022-09-28,12100,A
2022-09-29,15200,A
2022-09-30,15800,A
2022-10-01,9410,A
2022-10-02,9150,A
2022-10-03,11800,A
2022-10-04,6580,A
2022-10-05,10700,A
2022-10-06,11800,A
2022-10-07,12500,A
2022-10-08,8350,A
2022-10-09,8060,A
2022-10-10,11900,A
2022-10-11,6530,A
2022-10-12,6740,A
2022-10-13,6420,A
2022-10-14,7150,A
2022-10-15,6150,A
2022-10-16,6790,A
2022-10-17,6920,A
2022-10-18,6030,A
2022-10-19,7360,A
2022-10-20,6390,A
2022-10-21,6460,A
2022-10-22,6950,A
2022-10-23,6740,A
2022-10-24,8410,A
2022-10-25,8520,A
2022-10-26,8480,A
2022-10-27,8540,A
2022-10-28,10000,A
2022-10-29,11400,A
2022-10-30,10300,A
2022-10-31,10500,A
2022-11-01,9710,A
2022-11-02,9420,A
2022-11-03,8350,A
2022-11-04,8090,A
2022-11-05,5750,A
2022-11-06,5570,A
2022-11-07,7890,A
2022-11-08,8810,A
2022-11-09,9090,A
2022-11-10,10300,A
2022-11-11,10300,A
2022-11-12,13100,A
2022-11-13,11800,A
2022-11-14,7700,A
2022-11-15,7430,A
2022-11-16,7180,A
2022-11-17,7760,A
2022-11-18,7880,A
2022-11-19,6060,A
2022-11-20,5910,A
2022-11-21,8050,A
2022-11-22,7420,A
2022-11-23,7650,A
2022-11-24,7700,A
2022-11-25,6140,A
2022-11-26,6120,A
2022-11-27,6320,A
2022-11-28,7340,A
2022-11-29,7210,A
2022-11-30,9270,A
2022-12-01,18200,A
2022-12-02,23600,A
2022-12-03,17200,A
2022-12-04,10800,A
2022-12-05,15300,A
2022-12-06,11100,A
2022-12-07,14000,A
2022-12-08,36300,A
2022-12-09,51700,A
2022-12-10,30800,A
2022-12-11,28300,A
2022-12-12,27400,A
2022-12-13,27100,A
2022-12-14,25100,A
2022-12-15,33800,A
2022-12-16,39700,A
2022-12-17,39000,A
2022-12-18,39000,A
2022-12-19,38500,A
2022-12-20,36400,A
2022-12-21,34800,A
2022-12-22,32200,A
2022-12-23,34200,A
2022-12-24,34200,A
2022-12-25,32200,A
2022-12-26,30400,A
2022-12-27,30300,A
2022-12-28,25200,A
2022-12-29,25600,A
2022-12-30,24200,A
2022-12-31,21400,A
2023-01-01,12400,A
2023-01-02,11700,A
2023-01-03,18700,A
2023-01-04,30400,A
2023-01-05,30800,A
2023-01-06,30600,A
2023-01-07,30000,A
2023-01-08,25500,A
2023-01-09,15800,A
2023-01-10,12300,A
2023-01-11,12100,A
2023-01-12,13700,A
2023-01-13,16500,A
2023-01-14,9710,A
2023-01-15,9340,A
2023-01-16,14600,A
2023-01-17,17800,A
2023-01-18,23500,A
2023-01-19,30000,A
2023-01-20,36300,A
2023-01-21,29800,A
2023-01-22,25000,A
2023-01-23,24200,A
2023-01-24,23700,A
2023-01-25,21000,A
2023-01-26,20400,A
2023-01-27,21000,A
2023-01-28,21600,A
2023-01-29,21700,A
2023-01-30,24300,A
2023-01-31,25600,A
2023-02-01,26700,A
2023-02-02,34700,A
2023-02-03,37700,A
2023-02-04,26900,A
2023-02-05,28100,A
2023-02-06,29900,A
2023-02-07,19800,A
2023-02-08,13700,A
2023-02-09,20600,A
2023-02-10,20900,A
2023-02-11,14800,A
2023-02-12,7270,A
2023-02-13,11800,A
2023-02-14,6320,A
2023-02-15,14000,A
2023-02-16,27500,A
2023-02-17,34100,A
2023-02-18,44300,A
2023-02-19,44800,A
2023-02-20,44900,A
2023-02-21,45700,A
2023-02-22,44700,A
2023-02-23,41600,A
2023-02-24,39000,A
2023-02-25,35500,A
2023-02-26,34100,A
2023-02-27,40000,A
2023-02-28,54100,A
2023-03-01,55600,A
2023-03-02,47800,A
2023-03-03,48200,A
2023-03-04,48800,A
2023-03-05,48500,A
2023-03-06,46100,A
2023-03-07,44500,A
2023-03-08,43000,A
2023-03-09,40700,A
2023-03-10,38000,A
2023-03-11,36200,A
2023-03-12,35700,A
2023-03-13,33200,A
2023-03-14,30500,A
2023-03-15,27300,A
2023-03-16,25400,A
2023-03-17,25700,A
2023-03-18,20400,A
2023-03-19,14300,A
2023-03-20,20000,A
2023-03-21,20600,A
2023-03-22,20300,A
2023-03-23,20800,A
2023-03-24,20900,A
2023-03-25,22500,A
2023-03-26,28200,A
2023-03-27,22800,A
2023-03-28,22000,A
2023-03-29,21500,A
2023-03-30,21000,A
2023-03-31,24400,A
2023-04-01,23700,A
2023-04-02,21300,A
2023-04-03,21300,A
2023-04-04,24200,A
2023-04-05,24900,A
2023-04-06,33900,A
2023-04-07,35100,A
2023-04-08,20400,A
2023-04-09,17700,A
2023-04-10,16800,A
2023-04-11,18100,A
2023-04-12,17900,A
2023-04-13,17700,A
2023-04-14,15300,A
2023-04-15,6960,A
2023-04-16,6160,A
2023-04-17,8550,A
2023-04-18,7200,A
2023-04-19,8690,A
2023-04-20,6830,A
2023-04-21,4830,A
2023-04-22,4290,A
2023-04-23,4470,A
2023-04-24,9490,A
2023-04-25,13000,A
2023-04-26,14700,A
2023-04-27,16100,A
2023-04-28,15700,A
2023-04-29,8250,A
2023-04-30,7440,A
2023-05-01,10300,A
2023-05-02,10300,A
2023-05-03,8350,A
2023-05-04,8080,A
2023-05-05,8060,A
2023-05-06,6120,A
2023-05-07,6310,A
2023-05-08,9510,A
2023-05-09,19000,A
2023-05-10,19800,A
2023-05-11,17000,A
2023-05-12,17500,A
2023-05-13,20500,A
2023-05-14,18500,A
2023-05-15,14000,A
2023-05-16,12900,A
2023-05-17,11600,A
2023-05-18,11000,A
2023-05-19,11100,A
2023-05-20,5650,A
2023-05-21,6010,A
2023-05-22,8060,A
2023-05-23,8200,A
2023-05-24,8400,A
2023-05-25,8290,A
2023-05-26,8480,A
2023-05-27,5870,A
2023-05-28,5690,A
2023-05-29,5110,A
2023-05-30,4970,A
2023-05-31,5890,A
2023-06-01,6680,A
2023-06-02,6120,A
2023-06-03,4420,A
2023-06-04,4900,A
2023-06-05,6810,A
2023-06-06,5650,A
2023-06-07,7040,A
2023-06-08,7810,A
2023-06-09,6780,A
2023-06-10,4860,A
2023-06-11,5040,A
2023-06-12,9430,A
2023-06-13,7500,A
2023-06-14,7850,A
2023-06-15,6180,A
2023-06-16,7230,A
2023-06-17,7080,A
2023-06-18,7100,A
2023-06-19,9440,A
2023-06-20,9870,A
2023-06-21,9170,A
2023-06-22,10800,A
2023-06-23,10700,A
2023-06-24,7960,A
2023-06-25,7280,A
2023-06-26,11600,A
2023-06-27,17200,A
2023-06-28,16800,A
2023-06-29,16300,A
2023-06-30,16400,A
2023-07-01,17400,A
2023-07-02,20800,A
2023-07-03,19700,A
2023-07-04,15500,A
2023-07-05,14300,A
2023-07-06,12200,A
2023-07-07,10200,A
2023-07-08,5470,A
2023-07-09,5130,A
2023-07-10,12700,A
2023-07-11,12200,A
2023-07-12,11900,A
2023-07-13,10900,A
2023-07-14,10400,A
2023-07-15,7630,A
2023-07-16,6350,A
2023-07-17,7250,A
2023-07-18,8310,A
2023-07-19,13500,A
2023-07-20,19300,A
2023-07-21,30800,A
2023-07-22,27500,A
2023-07-23,18700,A
2023-07-24,13300,A
2023-07-25,13400,A
2023-07-26,12900,A
2023-07-27,12100,A
2023-07-28,13000,A
2023-07-29,13100,A
2023-07-30,13500,A
2023-07-31,13000,A
2023-08-01,13700,A
2023-08-02,17000,A
2023-08-03,18800,A
2023-08-04,14200,A
2023-08-05,11100,A
2023-08-06,10600,A
2023-08-07,11300,A
2023-08-08,13500,A
2023-08-09,17400,A
2023-08-10,16300,A
2023-08-11,16100,A
2023-08-12,18000,A
2023-08-13,18400,A
2023-08-14,19100,A
2023-08-15,21500,A
2023-08-16,21800,A
2023-08-17,19500,A
2023-08-18,18100,A
2023-08-19,16400,A
2023-08-20,16400,A
2023-08-21,15600,A
2023-08-22,15000,A
2023-08-23,14800,A
2023-08-24,15000,A
2023-08-25,14800,A
2023-08-26,15200,A
2023-08-27,12100,A
2023-08-28,14600,A
2023-08-29,15300,A
2023-08-30,15900,A
2023-08-31,13400,A
2023-09-01,15100,A
2023-09-02,11500,A
2023-09-03,9560,A
2023-09-04,9390,A
2023-09-05,10600,A
2023-09-06,11300,A
2023-09-07,11100,A
2023-09-08,11000,A
2023-09-09,9330,A
2023-09-10,8560,A
2023-09-11,9430,A
2023-09-12,11200,A
2023-09-13,13100,A
2023-09-14,12800,A
2023-09-15,12900,A
2023-09-16,7450,A
2023-09-17,6850,A
2023-09-18,9850,A
2023-09-19,9010,A
2023-09-20,9220,A
2023-09-21,9140,A
2023-09-22,9170,A
2023-09-23,6550,A
2023-09-24,6310,A
2023-09-25,9380,A
2023-09-26,8420,A
2023-09-27,7550,A
2023-09-28,7830,A
2023-09-29,7460,A
2023-09-30,6320,A
2023-10-01,5160,A
2023-10-02,9170,A
2023-10-03,8590,A
2023-10-04,7990,A
2023-10-05,8460,A
2023-10-06,8370,A
2023-10-07,4930,A
2023-10-08,5350,A
2023-10-09,8450,A
2023-10-10,7900,A
2023-10-11,8240,A
2023-10-12,8630,A
2023-10-13,8040,A
2023-10-14,4790,A
2023-10-15,4660,A
2023-10-16,8260,A
2023-10-17,8450,A
2023-10-18,8230,A
2023-10-19,8460,A
2023-10-20,8640,A
2023-10-21,4500,A
2023-10-22,4380,A
2023-10-23,7690,A
2023-10-24,7560,A
2023-10-25,8080,A
2023-10-26,8470,A
2023-10-27,8690,A
2023-10-28,8230,A
2023-10-29,8680,A
2023-10-30,10400,A
2023-10-31,8770,A
2023-11-01,10000,A
2023-11-02,9510,A
2023-11-03,8580,A
2023-11-04,5400,A
2023-11-05,5160,A
2023-11-06,5100,A
2023-11-07,6920,A
2023-11-08,7580,A
2023-11-09,7560,A
2023-11-10,6590,A
2023-11-11,5300,A
2023-11-12,5020,A
2023-11-13,6760,A
2023-11-14,7050,A
2023-11-15,5830,A
2023-11-16,5910,A
2023-11-17,7130,A
2023-11-18,5440,A
2023-11-19,4940,A
2023-11-20,5720,A
2023-11-21,7420,A
2023-11-22,8380,A
2023-11-23,7330,A
2023-11-24,6230,A
2023-11-25,5740,A
2023-11-26,5010,A
2023-11-27,7270,A
2023-11-28,7330,A
2023-11-29,7970,A
2023-11-30,7390,A
2023-12-01,7150,A
2023-12-02,5220,A
2023-12-03,5320,A
2023-12-04,7380,A
2023-12-05,6550,A
2023-12-06,6720,A
2023-12-07,7810,A
2023-12-08,7350,A
2023-12-09,4040,A
2023-12-10,3660,A
2023-12-11,6440,A
2023-12-12,6650,A
2023-12-13,7100,A
2023-12-14,7060,A
2023-12-15,6810,A
2023-12-16,4960,A
2023-12-17,4600,A
2023-12-18,5230,A
2023-12-19,6040,A
2023-12-20,5630,A
2023-12-21,5760,A
2023-12-22,5530,A
2023-12-23,4600,A
2023-12-24,4660,A
2023-12-25,5560,A
2023-12-26,5980,A
2023-12-27,6960,A
2023-12-28,6710,A
2023-12-29,6860,A
2023-12-30,3870,A
2023-12-31,4040,A
2024-01-01,3730,A
2024-01-02,6260,A
2024-01-03,7760,A
2024-01-04,8030,A
2024-01-05,8490,A
2024-01-06,5670,A
2024-01-07,4950,A
2024-01-08,7570,A
2024-01-09,5960,A
2024-01-10,12200,A
2024-01-11,15500,A
2024-01-12,14400,A
2024-01-13,13600,A
2024-01-14,16700,A
2024-01-15,27800,A
2024-01-16,30600,A
2024-01-17,28900,A
2024-01-18,27100,A
2024-01-19,23400,A
2024-01-20,18200,A
2024-01-21,18600,A
2024-01-22,19800,A
2024-01-23,18100,A
2024-01-24,19800,A
2024-01-25,24400,A
2024-01-26,33500,A
2024-01-27,45400,A
2024-01-28,32700,A
2024-01-29,14900,A
2024-01-30,15600,A
2024-01-31,16900,A
2024-02-01,17800,A
2024-02-02,18000,A
2024-02-03,10100,A
2024-02-04,9170,A
2024-02-05,11900,A
2024-02-06,12600,A
2024-02-07,12300,A
2024-02-08,12200,A
2024-02-09,12200,A
2024-02-10,12200,A
2024-02-11,25500,A
2024-02-12,30500,A
2024-02-13,43900,A
2024-02-14,50100,A
2024-02-15,46000,A
2024-02-16,42900,A
2024-02-17,42300,A
2024-02-18,36500,A
2024-02-19,35300,A
2024-02-20,29600,A
2024-02-21,31600,A
2024-02-22,36600,A
2024-02-23,46800,A
2024-02-24,55500,A
2024-02-25,45200,A
2024-02-26,30400,A
2024-02-27,30800,A
2024-02-28,26800,A
2024-02-29,28800,A
2024-03-01,38200,A
2024-03-02,34500,A
2024-03-03,25400,A
2024-03-04,25100,A
2024-03-05,25600,A
2024-03-06,34500,A
2024-03-07,46900,A
2024-03-08,47400,A
2024-03-09,43200,A
2024-03-10,32500,A
2024-03-11,31400,A
2024-03-12,30400,A
2024-03-13,28600,A
2024-03-14,23300,A
2024-03-15,18700,A
2024-03-16,12800,A
2024-03-17,9920,A
2024-03-18,16100,A
2024-03-19,19700,A
2024-03-20,18100,A
2024-03-21,16800,A
2024-03-22,16800,A
2024-03-23,14300,A
2024-03-24,12300,A
2024-03-25,15400,A
2024-03-26,16200,A
2024-03-27,15600,A
2024-03-28,16800,A
2024-03-29,17100,A
2024-03-30,14000,A
2024-03-31,11700,A
2024-04-01,13900,A
2024-04-02,15500,A
2024-04-03,19000,A
2024-04-04,21500,A
2024-04-05,21500,A
2024-04-06,21300,A
2024-04-07,21100,A
2024-04-08,24800,A
2024-04-09,30900,A
2024-04-10,23300,A
2024-04-11,17000,A
2024-04-12,19900,A
2024-04-13,28200,A
2024-04-14,23400,A
2024-04-15,14600,A
2024-04-16,11500,A
2024-04-17,12800,A
2024-04-18,14300,A
2024-04-19,16500,A
2024-04-20,10800,A
2024-04-21,8420,A
2024-04-22,9300,A
2024-04-23,8810,A
2024-04-24,9040,A
2024-04-25,9270,A
2024-04-26,7790,A
2024-04-27,5340,A
2024-04-28,5280,A
2024-04-29,7440,A
2024-04-30,8830,A
2024-05-01,10200,A
2024-05-02,11300,A
2024-05-03,9820,A
2024-05-04,5640,A
2024-05-05,4830,A
2024-05-06,8980,A
2024-05-07,18100,A
2024-05-08,41500,A
2024-05-09,103000,A
2024-05-10,103000,A
2024-05-11,81000,A
2024-05-12,55000,A
2024-05-13,46200,A
2024-05-14,52400,A
2024-05-15,58900,A
2024-05-16,54400,A
2024-05-17,54000,A
2024-05-18,50500,A
2024-05-19,42100,A
2024-05-20,39800,A
2024-05-21,40500,A
2024-05-22,35900,A
2024-05-23,34000,A
2024-05-24,49300,A
2024-05-25,50400,A
2024-05-26,43900,A
2024-05-27,57300,A
2024-05-28,66800,A
2024-05-29,66100,A
2024-05-30,49800,A
2024-05-31,38400,A
2024-06-01,37100,A
2024-06-02,33900,A
2024-06-03,36900,A
2024-06-04,41000,A
2024-06-05,41300,A
2024-06-06,35300,A
2024-06-07,30900,A
2024-06-08,30000,A
2024-06-09,30300,A
2024-06-10,30900,A
2024-06-11,22000,A
2024-06-12,20200,A
2024-06-13,20000,A
2024-06-14,20300,A
2024-06-15,14200,A
2024-06-16,15500,A
2024-06-17,15600,A
2024-06-18,14400,A
2024-06-19,13800,A
2024-06-20,14900,A
2024-06-21,15600,A
2024-06-22,10900,A
2024-06-23,8460,A
2024-06-24,14000,A
2024-06-25,13900,A
2024-06-26,13000,A
2024-06-27,13400,A
2024-06-28,15600,A
2024-06-29,9740,A
2024-06-30,8150,A
2024-07-01,11300,A
2024-07-02,11800,A
2024-07-03,11500,A
2024-07-04,10300,A
2024-07-05,9870,A
2024-07-06,10700,A
2024-07-07,8250,A
2024-07-08,10900,A
2024-07-09,11100,A
2024-07-10,11400,A
2024-07-11,12500,A
2024-07-12,10700,A
2024-07-13,6800,A
2024-07-14,12200,A
2024-07-15,13300,A
2024-07-16,13100,A
2024-07-17,13000,A
2024-07-18,14700,A
2024-07-19,14200,A
2024-07-20,6910,A
2024-07-21,5710,A
2024-07-22,10900,A
2024-07-23,12600,A
2024-07-24,15200,A
2024-07-25,13400,A
2024-07-26,13300,A
2024-07-27,7820,A
2024-07-28,7940,A
2024-07-29,13900,A
2024-07-30,14100,A
2024-07-31,19800,A
2024-08-01,17000,A
2024-08-02,17900,A
2024-08-03,8950,A
2024-08-04,8710,A
2024-08-05,9240,A
2024-08-06,13600,A
2024-08-07,13900,A
2024-08-08,15100,A
2024-08-09,16000,A
2024-08-10,11100,A
2024-08-11,8460,A
2024-08-12,10200,A
2024-08-13,13100,A
2024-08-14,12700,A
2024-08-15,14400,A
2024-08-16,14000,A
2024-08-17,10600,A
2024-08-18,8380,A
2024-08-19,12300,A
2024-08-20,13500,A
2024-08-21,13700,A
2024-08-22,13000,A
2024-08-23,12800,A
2024-08-24,8470,A
2024-08-25,6280,A
2024-08-26,10400,A
2024-08-27,12200,A
2024-08-28,11100,A
2024-08-29,13300,A
2024-08-30,14200,A
2024-08-31,10300,A
2024-09-01,7470,A
2024-09-02,10000,A
2024-09-03,12800,A
2024-09-04,13700,A
2024-09-05,14100,A
2024-09-06,12100,A
2024-09-07,5730,A
2024-09-08,4500,A
2024-09-09,7820,A
2024-09-10,10900,A
2024-09-11,9030,A
2024-09-12,11500,A
2024-09-13,14300,A
2024-09-14,7650,A
2024-09-15,6230,A
2024-09-16,10000,A
2024-09-17,10200,A
2024-09-18,9820,A
2024-09-19,8630,A
2024-09-20,8260,A
2024-09-21,6130,A
2024-09-22,5990,A
2024-09-23,8530,A
2024-09-24,12200,A
2024-09-25,13700,A
2024-09-26,16600,A
2024-09-27,25800,A
2024-09-28,27500,A
2024-09-29,17300,A
2024-09-30,11600,A
2024-10-01,11900,A
2024-10-02,13300,A
2024-10-03,12500,A
2024-10-04,15600,A
2024-10-05,9600,A
2024-10-06,7870,A
2024-10-07,7820,A
2024-10-08,10500,A
2024-10-09,10800,A
2024-10-10,10600,A
2024-10-11,10600,A
2024-10-12,5060,A
2024-10-13,4730,A
2024-10-14,4730,A
2024-10-15,8830,A
2024-10-16,7910,A
2024-10-17,10900,A
2024-10-18,10700,A
2024-10-19,5060,A
2024-10-20,4690,A
2024-10-21,10800,A
2024-10-22,12500,A
2024-10-23,9920,A
2024-10-24,10400,A
2024-10-25,10500,A
2024-10-26,6400,A
2024-10-27,5710,A
2024-10-28,9300,A
2024-10-29,8750,A
2024-10-30,8840,A
2024-10-31,8640,A
2024-11-01,8940,A
2024-11-02,6600,A
2024-11-03,6300,A
2024-11-04,7560,A
2024-11-05,7480,A
2024-11-06,6890,A
2024-11-07,7500,A
2024-11-08,7630,A
2024-11-09,4760,A
2024-11-10,5220,A
2024-11-11,8340,A
2024-11-12,9500,A
2024-11-13,8560,A
2024-11-14,15100,A
2024-11-15,16500,A
2024-11-16,10400,A
2024-11-17,7210,A
2024-11-18,6330,A
2024-11-19,6460,A
2024-11-20,7050,A
2024-11-21,10400,A
2024-11-22,9700,A
2024-11-23,6430,A
2024-11-24,6590,A
2024-11-25,9550,A
2024-11-26,9860,A
2024-11-27,10200,A
2024-11-28,4490,A
2024-11-29,4240,A
2024-11-30,3840,A
2024-12-01,4290,A
2024-12-02,9350,A
2024-12-03,12000,A
2024-12-04,9570,A
2024-12-05,11100,A
2024-12-06,11800,A
2024-12-07,8460,A
2024-12-08,8270,A
2024-12-09,9850,A
2024-12-10,14100,A
2024-12-11,18400,A
2024-12-12,12000,A
2024-12-13,14500,A
2024-12-14,11300,A
2024-12-15,5880,A
2024-12-16,9890,A
2024-12-17,11800,A
2024-12-18,31700,A
2024-12-19,38200,A
2024-12-20,28200,A
2024-12-21,24200,A
2024-12-22,21700,A
2024-12-23,21000,A
2024-12-24,18300,A
2024-12-25,16800,A
2024-12-26,16500,A
2024-12-27,15800,A
2024-12-28,13700,A
2024-12-29,16000,A
2024-12-30,14300,A
2024-12-31,13200,A
